,customer_id,churn,GBM_churn
1,7590-VHVEG,0,1
2,5575-GNVDE,0,0
3,3668-QPYBK,1,0
4,7795-CFOCW,0,0
5,9237-HQITU,1,1
6,9305-CDSKC,1,1
7,1452-KIOVK,0,0
8,6713-OKOMC,0,0
9,7892-POOKP,1,1
10,6388-TABGU,0,0
11,9763-GRSKD,0,0
12,7469-LKBCI,0,0
13,8091-TTVAX,0,0
14,0280-XJGEX,1,0
15,5129-JLPIS,0,0
16,3655-SNQYZ,0,0
17,8191-XWSZG,0,0
18,9959-WOFKT,0,0
19,4190-MFLUW,1,0
20,4183-MYFRB,0,0
21,8779-QRDMV,1,1
22,1680-VDCWW,0,0
23,1066-JKSGK,1,0
24,3638-WEABW,0,0
25,6322-HRPFA,0,0
26,6865-JZNKO,0,0
27,6467-CHFZW,1,1
28,8665-UTDHZ,1,0
29,5248-YGIJN,0,0
30,8773-HHUOZ,1,0
31,3841-NFECX,0,0
32,4929-XIHVW,0,1
33,6827-IEAUQ,0,0
34,7310-EGVHZ,0,0
35,3413-BMNZE,0,1
36,6234-RAAPL,0,0
37,6047-YHPVI,1,1
38,6572-ADKRS,0,0
39,5380-WJKOV,1,1
40,8168-UQWWF,1,1
41,8865-TNMNX,0,0
42,9489-DEDVP,0,0
43,9867-JCZSP,0,0
44,4671-VJLCL,0,0
45,4080-IIARD,0,0
46,3714-NTNFO,0,0
47,5948-UJZLF,0,0
48,7760-OYPDY,1,1
49,7639-LIAYI,0,0
50,2954-PIBKO,0,0
51,8012-SOUDQ,0,1
52,9420-LOJKX,1,0
53,6575-SUVOI,0,0
54,7495-OOKFY,1,1
55,4667-QONEA,0,0
56,1658-BYGOY,1,1
57,8769-KKTPH,0,0
58,5067-XJQFU,0,0
59,3957-SQXML,0,0
60,5954-BDFSG,0,0
61,0434-CSFON,0,1
62,1215-FIGMP,0,0
63,0526-SXDJP,0,0
64,0557-ASKVU,0,0
65,5698-BQJOH,1,1
66,5122-CYFXA,0,1
67,8627-ZYGSZ,0,0
68,3410-YOQBQ,0,0
69,3170-NMYVV,0,0
70,7410-OIEDU,0,0
71,2273-QCKXA,0,0
72,0731-EBJQB,0,0
73,1891-QRQSA,0,0
74,8028-PNXHQ,0,0
75,5630-AHZIL,0,0
76,2673-CXQEU,0,0
77,6416-JNVRK,0,0
78,5590-ZSKRV,0,0
79,0191-ZHSKZ,0,0
80,3887-PBQAO,0,0
81,5919-TMRGD,1,1
82,8108-UXRQN,0,0
83,9191-MYQKX,1,1
84,9919-YLNNG,0,0
85,0318-ZOPWS,0,0
86,4445-ZJNMU,0,1
87,4808-YNLEU,0,0
88,1862-QRWPE,0,0
89,2796-NNUFI,0,0
90,3016-KSVCP,0,0
91,4767-HZZHQ,0,0
92,2424-WVHPL,0,1
93,7233-PAHHL,0,0
94,6067-NGCEU,0,0
95,9848-JQJTX,0,0
96,8637-XJIVR,1,1
97,9803-FTJCG,0,0
98,0278-YXOOG,1,0
99,3212-KXOCR,0,0
100,4598-XLKNJ,1,1
101,6380-ARCEH,0,0
102,3679-XASPY,0,0
103,7123-WQUHX,0,0
104,5386-THSLQ,0,0
105,3192-NQECA,1,0
106,6180-YBIQI,0,0
107,6728-DKUCO,0,0
108,9750-BOOHV,0,0
109,8597-CWYHH,0,0
110,2848-YXSMW,0,0
111,0486-HECZI,1,0
112,4549-ZDQYY,0,0
113,5712-AHQNN,0,0
114,4846-WHAFZ,1,1
115,5256-SKJGO,0,0
116,3071-VBYPO,0,0
117,9560-BBZXK,0,0
118,5299-RULOA,1,1
119,8402-OOOHJ,0,0
120,9445-ZUEQE,0,0
121,1091-SOZGA,0,0
122,2928-HLDBA,0,0
123,0404-SWRVG,1,1
124,6497-TILVL,0,0
125,7219-TLZHO,0,0
126,4622-YNKIJ,0,0
127,4412-YLTKF,1,1
128,6734-PSBAW,0,0
129,3930-ZGWVE,0,0
130,2639-UGMAZ,0,0
131,2876-GZYZC,0,1
132,6207-WIOLX,1,0
133,8587-XYZSF,0,0
134,3091-FYHKI,1,1
135,2372-HWUHI,1,0
136,7799-LGRDP,0,0
137,7850-VWJUU,0,0
138,3774-VBNXY,0,0
139,6217-KDYWC,0,0
140,0390-DCFDQ,1,1
141,3146-MSEGF,0,0
142,4080-OGPJL,1,0
143,1095-WGNGG,0,0
144,2636-SJDOU,0,0
145,1131-QQZEB,0,0
146,5716-EZXZN,0,0
147,6837-BJYDQ,0,0
148,2135-RXIHG,1,1
149,6440-DKQGE,0,0
150,3466-BYAVD,0,0
151,3780-YVMFA,0,0
152,3874-EQOEP,1,1
153,1679-JRFBR,0,0
154,9073-ZZIAY,0,0
155,3077-RSNTJ,0,0
156,6551-GNYDG,0,0
157,9167-APMXZ,0,0
158,2749-CTKAJ,0,0
159,6371-NZYEG,0,0
160,7554-NEWDD,0,0
161,8992-VONJD,0,0
162,0867-MKZVY,1,0
163,4482-EWFMI,0,1
164,4648-YPBTM,0,0
165,2907-ILJBN,0,0
166,6345-FZOQH,0,0
167,3376-BMGFE,1,1
168,5997-OPVFA,0,0
169,3445-HXXGF,1,0
170,1159-WFSGR,0,0
171,7654-YWJUF,0,0
172,1875-QIVME,1,1
173,6727-IOTLZ,0,0
174,0691-JVSYA,1,0
175,5918-VUKWP,0,0
176,1744-JHKYS,0,0
177,2656-FMOKZ,1,1
178,2070-FNEXE,1,0
179,5947-SGKCL,0,1
180,3712-PKXZA,0,0
181,6317-YPKDH,1,0
182,6582-OIVSP,0,0
183,9367-WXLCH,1,1
184,5524-KHNJP,0,0
185,1918-ZBFQJ,1,1
186,1024-GUALD,1,1
187,4827-USJHP,0,0
188,8167-GJLRN,0,0
189,0956-SYCWG,0,0
190,8017-UVSZU,0,0
191,7100-FQPRV,0,0
192,2472-OVKUP,1,1
193,2984-RGEYA,0,0
194,9680-NIAUV,0,0
195,2146-EGVDT,0,0
196,2604-IJPDU,0,0
197,9178-JHUVJ,0,0
198,6168-YBYNP,0,0
199,7255-SSFBC,0,0
200,3645-DEYGF,0,0
201,9323-HGFWY,0,0
202,8544-GOQSH,0,0
203,3363-DTIVD,0,0
204,7018-WBJNK,0,0
205,9142-KZXOP,0,0
206,7674-YTAFD,0,0
207,6348-SNFUS,0,0
208,1285-OKIPP,1,1
209,7825-ECJRF,1,0
210,1347-KTTTA,0,0
211,7841-TZDMQ,1,1
212,4195-NZGTA,0,1
213,7157-SMCFK,0,0
214,4709-LKHYG,0,0
215,2504-DSHIH,0,1
216,0699-NDKJM,0,0
217,9286-BHDQG,0,0
218,0230-WEQUW,0,0
219,2040-LDIWQ,0,0
220,6496-JDSSB,0,1
221,9408-SSNVZ,1,1
222,4443-EMBNA,0,0
223,6469-MRVET,0,0
224,0742-MOABM,1,0
225,5961-VUSRV,0,0
226,6778-JFCMK,0,0
227,6341-JVQGF,0,0
228,2232-DMLXU,1,1
229,4811-JBUVU,0,0
230,0945-TSONX,0,0
231,2651-ZCBXV,0,0
232,3316-UWXUY,0,0
233,8937-RDTHP,1,1
234,7083-MIOPC,0,0
235,1984-GPTEH,0,0
236,1251-KRREG,1,1
237,0621-JFHOL,0,0
238,9903-LYSAB,0,1
239,0094-OIFMO,1,1
240,9227-UAQFT,0,0
241,7301-ABVAD,0,0
242,6614-FHDBO,0,0
243,7576-ASEJU,0,0
244,9058-HRZSV,0,0
245,4522-AKYLR,0,0
246,0221-WMXNQ,0,0
247,0303-UNCIP,0,0
248,9947-OTFQU,1,1
249,0322-YINQP,1,0
250,0959-WHOKV,0,0
251,4075-JFPGR,0,0
252,4629-NRXKX,1,1
253,9514-JDSKI,1,1
254,3282-ZISZV,0,0
255,3675-YDUPJ,0,0
256,4111-BNXIF,0,0
257,7017-VFHAY,0,0
258,6655-LHBYW,0,0
259,4959-JOSRX,1,1
260,5046-NUHWD,0,0
261,7273-TEFQD,1,1
262,3606-TWKGI,1,1
263,7529-ZDFXI,0,0
264,7605-BDWDC,0,0
265,1950-KSVVJ,0,0
266,0123-CRBRT,0,0
267,6292-TOSSS,0,0
268,3197-ARFOY,0,0
269,6323-AYBRX,1,0
270,7014-ZZXAW,0,0
271,4385-GZQXV,1,1
272,7633-MVPUY,0,0
273,6366-ZGQGL,1,1
274,4716-HHKQH,0,1
275,5940-AHUHD,1,1
276,6432-TWQLB,1,1
277,4484-GLZOU,1,1
278,3179-GBRWV,0,0
279,8645-KWHJO,0,0
280,4130-MZLCC,0,0
281,0314-TKOSI,0,0
282,8229-MYEJZ,0,0
283,2080-SRCDE,0,0
284,9577-WJVCQ,0,0
285,9512-UIBFX,1,0
286,6202-DYYFX,0,0
287,3808-HFKDE,0,0
288,5583-SXDAG,1,1
289,3488-PGMQJ,1,1
290,3580-REOAC,1,0
291,7534-BFESC,1,1
292,3727-OWVYD,0,0
293,2294-SALNE,0,0
294,4847-TAJYI,0,1
295,1563-IWQEX,0,0
296,8203-XJZRC,0,0
297,6556-DBKZF,0,0
298,6851-WEFYX,0,1
299,2985-JUUBZ,0,0
300,6390-DSAZX,1,1
301,0895-LMRSF,0,0
302,8098-LLAZX,1,1
303,8266-VBFQL,0,1
304,8181-YHCMF,0,0
305,2240-HSJQD,0,0
306,1248-DYXUB,0,0
307,0265-EDXBD,1,1
308,4115-BNPJY,0,0
309,3167-SNQPL,0,1
310,4091-TVOCN,0,0
311,1098-TDVUQ,0,0
312,7277-OZCGZ,0,0
313,1557-EMYVT,0,0
314,2799-ARNLO,0,1
315,7563-BIUPC,1,1
316,5027-YOCXN,0,0
317,3973-SKMLN,0,0
318,2321-OMBXY,1,0
319,2840-XANRC,1,1
320,6745-JEFZB,0,0
321,5020-ZSTTY,1,0
322,9880-TDQAC,0,0
323,8705-WZCYL,0,1
324,7102-JJVTX,0,0
325,8626-PTQGE,0,0
326,4983-CLMLV,0,0
327,5701-YVSVF,0,1
328,5804-LEPIM,1,1
329,5697-GOMBF,0,0
330,2739-CACDQ,0,1
331,9385-EHGDO,0,0
332,9498-FIMXL,0,0
333,2379-GYFLQ,0,0
334,0122-OAHPZ,1,1
335,2868-SNELZ,1,1
336,4322-RCYMT,1,0
337,6680-NENYN,1,0
338,2088-IEBAU,0,0
339,7982-VCELR,0,0
340,1343-EHPYB,1,0
341,6035-BXTTY,0,0
342,6885-PKOAM,0,0
343,7520-HQWJU,0,0
344,9639-BUJXT,0,0
345,5924-SNGKP,0,0
346,0021-IKXGC,0,1
347,2034-GDRCN,1,1
348,8966-SNIZF,0,0
349,6243-OZGFH,0,0
350,4654-DLAMQ,0,0
351,0513-RBGPE,0,0
352,5160-UXJED,0,0
353,4115-NZRKS,0,1
354,0219-YTZUE,1,1
355,0623-IIHUG,1,0
356,4572-DVCGN,1,1
357,3351-NGXYI,0,0
358,8984-EYLLL,0,0
359,9057-MSWCO,1,0
360,9833-TGFHX,0,0
361,9294-TDIPC,0,0
362,5229-DTFYB,0,0
363,0104-PPXDV,0,0
364,5176-LMJXE,0,0
365,3583-KRKMD,0,0
366,1010-DIAUQ,1,1
367,9069-LGEUL,0,0
368,7302-ZHMHP,0,0
369,9571-EDEBV,0,0
370,3520-FJGCV,0,0
371,6563-VRERX,0,0
372,0259-GBZSH,1,1
373,6122-EFVKN,0,0
374,2805-EDJPQ,0,0
375,6862-CQUMB,0,0
376,7156-MXBJE,0,0
377,6158-HDPXZ,0,0
378,9601-BRXPO,1,0
379,2863-IMQDR,0,0
380,5686-CMAWK,0,0
381,5651-CRHKQ,0,0
382,6905-NIQIN,1,0
383,8204-YJCLA,0,0
384,5167-ZFFMM,1,1
385,6583-SZVGP,0,0
386,4895-TMWIR,1,0
387,0533-BNWKF,1,0
388,1708-PBBOA,0,0
389,8782-LKFPK,0,0
390,5522-JBWMO,0,0
391,3597-MVHJT,0,1
392,9774-NRNAU,0,0
393,0224-RLWWD,0,1
394,9967-ATRFS,0,0
395,3951-NJCVI,0,1
396,2977-CEBSX,0,0
397,0177-PXBAT,0,0
398,6599-CEBNN,1,0
399,2519-ERQOJ,0,0
400,5876-QMYLD,0,0
401,2277-AXSDC,0,0
402,9442-JTWDL,0,0
403,0979-PHULV,1,0
404,3067-SVMTC,0,0
405,5495-GPSRW,0,0
406,7606-BPHHN,0,0
407,4742-DRORA,0,0
408,0111-KLBQG,0,1
409,4800-VHZKI,1,0
410,7989-CHGTL,1,0
411,0334-GDDSO,1,1
412,4163-NCJAK,0,0
413,5233-AOZUF,0,1
414,5973-EJGDP,0,0
415,1996-DBMUS,0,0
416,7916-VCCPB,0,0
417,4686-GEFRM,0,0
418,5249-QYHEX,0,0
419,0578-SKVMF,1,0
420,5564-NEMQO,1,1
421,2233-FAGXV,0,0
422,5605-IYGFG,0,0
423,7663-ZTEGJ,0,0
424,3935-TBRZZ,0,0
425,8111-BKVDS,0,0
426,2055-SIFSS,0,0
427,2806-MLNTI,0,0
428,8734-DKSTZ,0,1
429,4360-PNRQB,0,0
430,6152-ONASV,0,0
431,9063-ZGTUY,1,0
432,7781-HVGMK,0,0
433,2181-UAESM,0,0
434,2957-LOLHO,1,0
435,6048-NJXHX,0,0
436,2320-SLKMB,0,0
437,4980-URKXC,0,0
438,4376-KFVRS,0,0
439,5886-VLQVU,0,0
440,3577-AMVUX,0,1
441,0771-WLCLA,0,1
442,5628-RKIFK,0,0
443,0206-TBWLC,0,0
444,2937-FTHUR,0,0
445,1910-FMXJM,0,0
446,7752-XUSCI,1,0
447,4110-PFEUZ,1,1
448,0732-OCQOC,0,0
449,5168-MSWXT,0,1
450,1090-ESELR,0,0
451,8592-PLTMQ,0,0
452,5760-WRAHC,0,0
453,8847-GEOOQ,0,0
454,0256-LTHVJ,1,0
455,4785-FCIFB,0,0
456,8313-NDOIA,0,1
457,5149-CUZUJ,0,0
458,0942-KOWSM,0,0
459,4237-CLSMM,0,0
460,1452-VOQCH,0,1
461,4719-UMSIY,0,0
462,6614-VBEGU,0,0
463,0880-TKATG,1,1
464,3811-VBYBZ,1,1
465,1480-BKXGA,0,0
466,2996-XAUVF,0,0
467,9076-AXYIK,0,0
468,5968-XQIVE,0,0
469,8896-RAZCR,0,0
470,4640-UHDOS,1,0
471,4933-IKULF,0,0
472,3583-EKAPL,1,1
473,1304-BCCFO,0,0
474,4104-PVRPS,0,0
475,9399-APLBT,1,1
476,2359-KMGLI,1,1
477,3780-DDGSE,0,0
478,4431-EDMIQ,0,0
479,0306-JAELE,1,1
480,6227-HWPWX,1,0
481,0486-LGCCH,0,0
482,0447-BEMNG,1,0
483,4612-SSVHJ,0,1
484,5168-MQQCA,0,0
485,5949-XIKAE,1,1
486,7971-HLVXI,0,0
487,9094-AZPHK,0,1
488,3649-JPUGY,0,0
489,4472-LVYGI,0,0
490,8372-JUXUI,1,1
491,3552-CTCYF,0,0
492,6778-YSNIH,0,1
493,0388-EOPEX,1,1
494,5756-OZRIO,0,0
495,6579-JPICP,0,0
496,8205-OTCHB,1,0
497,4134-BSXLX,0,0
498,0505-SPOOW,0,0
499,6235-VDHOM,1,0
500,7783-YKGDV,1,1
501,4374-YMUSQ,0,0
502,4513-CXYIX,0,0
503,3957-HHLMR,0,0
504,7803-XOCCZ,0,0
505,5736-YEJAX,0,0
506,5609-CEBID,1,1
507,8981-FJGLA,0,1
508,7218-HKQFK,1,1
509,4636-QRJKY,1,1
510,1135-LMECX,0,0
511,4332-MUOEZ,0,0
512,8535-SFUTN,0,0
513,5956-VKDTT,1,1
514,8677-HDZEE,0,0
515,2475-MROZF,0,0
516,9412-GHEEC,1,0
517,3482-ABPKK,0,0
518,6705-LXORM,0,1
519,0257-ZESQC,1,0
520,7531-GQHME,0,0
521,5174-ITUMV,0,0
522,4109-CYRBD,0,0
523,0913-XWSCN,0,0
524,6825-UYPFK,1,0
525,8397-MVTAZ,1,1
526,0750-EBAIU,0,0
527,8606-CIQUL,0,0
528,3571-DPYUH,0,0
529,7601-GNDYK,0,0
530,0356-OBMAC,0,0
531,8067-NIOYM,0,0
532,1403-GYAFU,0,0
533,4234-XTNEA,0,1
534,1297-VQDRP,0,0
535,9282-IZGQK,1,1
536,5348-CAGXB,0,1
537,0621-HJWXJ,0,0
538,5844-QVTAT,0,0
539,8905-IAZPF,0,0
540,5394-MEITZ,0,0
541,6859-QNXIQ,0,0
542,2782-LFZVW,0,0
543,2866-IKBTM,0,0
544,1342-JPNKI,1,1
545,2817-NTQDO,1,0
546,7129-AZJDE,0,0
547,6986-IJDHX,1,0
548,2560-PPCHE,0,0
549,4676-MQUEA,0,0
550,8138-EALND,0,0
551,3580-HYCSP,0,0
552,1352-HNSAW,0,0
553,2075-PUEPR,0,0
554,1982-FEBTD,0,0
555,5301-GAUUY,1,0
556,5791-KAJFD,0,0
557,2654-VBVPB,0,0
558,1154-HYWWO,0,0
559,2501-XWWTZ,0,0
560,3716-UVSPD,0,1
561,6815-ABQFQ,0,0
562,7343-EOBEU,0,0
563,3701-SFMUH,0,0
564,6103-LIANB,0,0
565,7319-VENRZ,0,0
566,5846-NEQVZ,0,0
567,6967-QIQRV,0,0
568,5781-RFZRP,0,0
569,0939-YAPAF,1,1
570,0308-IVGOK,0,0
571,7293-LSCDV,0,0
572,7025-WCBNE,0,0
573,5756-JYOJT,0,0
574,4710-FDUIZ,1,0
575,6030-REHUX,0,1
576,9548-LIGTA,0,0
577,5150-LJNSR,0,0
578,8270-RKSAP,0,1
579,6522-YRBXD,0,0
580,2640-LYMOV,0,0
581,1218-VKFPE,1,0
582,3627-FHKBK,1,1
583,2865-TCHJW,1,1
584,1423-BMPBQ,0,0
585,2393-DIVAI,0,0
586,5192-EBGOV,1,1
587,4568-KNYWR,0,0
588,8752-IMQOS,0,0
589,0742-LAFQK,0,0
590,0795-LAFGP,0,0
591,0619-OLYUR,0,0
592,5512-IDZEI,0,0
593,0459-SPZHJ,0,0
594,0215-BQKGS,0,0
595,9244-ZVAPM,0,0
596,0719-SYFRB,1,0
597,8208-EUMTE,0,0
598,5172-MIGPM,0,0
599,1710-RCXUS,0,0
600,0374-FIUCA,0,0
601,5839-SUYVZ,0,0
602,5173-ZXXXL,0,0
603,1096-ADRUX,0,0
604,2001-MCUUW,0,0
605,2731-GJRDG,0,0
606,4723-BEGSG,0,0
607,6516-NKQBO,0,0
608,8672-OAUPW,0,0
609,8207-DMRVL,0,0
610,3419-SNJJD,1,0
611,6543-CPZMK,1,0
612,4765-OXPPD,1,0
613,2804-ETQDK,0,0
614,6689-VRRTK,0,0
615,7138-GIRSH,0,0
616,9396-ZSFLL,0,0
617,6464-KEXXH,0,0
618,7134-MJPDY,0,0
619,5240-CAOYT,0,0
620,4059-IIEBK,0,1
621,4881-JVQOD,0,0
622,0516-UXRMT,0,0
623,4851-BQDNX,0,0
624,5148-HKFIR,0,0
625,1009-IRMNA,1,0
626,3003-CMDUU,0,0
627,5016-IBERQ,0,0
628,6797-UCJHZ,0,0
629,2469-DTSGX,0,0
630,4554-YGZIH,1,0
631,5099-BAILX,1,0
632,9931-KGHOA,0,0
633,1775-KWJKQ,0,0
634,7665-VIGUD,0,0
635,9411-TPQQV,0,0
636,7207-RMRDB,1,0
637,7954-MLBUN,0,0
638,2077-DDHJK,0,0
639,4913-EHYUI,1,0
640,0195-IESCP,1,1
641,9574-BOSMD,0,0
642,4580-TMHJU,1,0
643,0970-ETWGE,1,1
644,4908-XAXAY,0,0
645,8404-VLQFB,0,0
646,1626-ERCMM,1,1
647,0887-HJGAR,1,1
648,2391-IPLOP,0,0
649,5644-PDMZC,1,1
650,3509-GWQGF,0,0
651,9576-ANLXO,1,1
652,2024-BASKD,1,1
653,5845-BZZIB,0,0
654,1140-UKVZG,0,0
655,4160-AMJTL,1,0
656,5183-SNMJQ,0,0
657,8100-PNJMH,0,0
658,7838-LAZFO,0,0
659,4464-JCOLN,1,0
660,2085-JVGAD,0,0
661,5650-VDUDS,1,1
662,8095-WANWK,0,0
663,3030-ZKIWL,0,0
664,9565-FLVCG,0,0
665,8755-OGKNA,0,0
666,2800-VEQXM,0,1
667,7538-GWHML,1,1
668,5533-RJFTJ,0,0
669,3859-CVCET,1,0
670,0214-JHPFW,0,0
671,5642-MHDQT,0,0
672,3088-FVYWK,0,0
673,3276-HDUEG,1,1
674,9092-GDZKO,0,0
675,0823-HSCDJ,1,0
676,3729-OWRVL,0,0
677,2324-AALNO,0,0
678,0822-GAVAP,1,1
679,5760-IFJOZ,0,1
680,2826-UWHIS,0,0
681,1448-PWKYE,1,1
682,7501-IWUNG,0,0
683,4957-TREIR,0,0
684,7251-LJBQN,0,0
685,8040-MNRTF,0,1
686,1536-HBSWP,0,1
687,5313-FPXWG,0,0
688,0067-DKWBL,1,1
689,0946-FKYTX,0,0
690,5076-YVXCM,0,0
691,8262-COGGB,0,0
692,6663-JOCQO,0,0
693,9620-QJREV,0,0
694,2276-YDAVZ,1,1
695,2682-KEVRP,0,0
696,2480-JZOSN,0,0
697,0078-XZMHT,0,0
698,5896-NPFWW,1,1
699,9978-HYCIN,0,0
700,8338-QIUNR,0,0
701,1525-LNLOJ,0,0
702,9450-TRJUU,0,0
703,1766-GKNMI,0,1
704,6942-LBFDP,0,0
705,1456-TWCGB,0,0
706,7133-VBDCG,1,0
707,7596-ZYWBB,0,0
708,8329-UTMVM,0,0
709,3014-WJKSM,0,0
710,3347-YJZZE,0,0
711,1029-QFBEN,1,0
712,7929-DMBCV,0,0
713,9661-JALZV,0,0
714,5433-KYGHE,0,0
715,4312-KFRXN,0,0
716,5575-TPIZQ,0,0
717,0114-IGABW,0,0
718,9944-AEXBM,0,1
719,1853-ARAAQ,0,0
720,6952-OMNWB,0,0
721,4697-LUPSU,0,0
722,8434-VGEQQ,0,0
723,4952-YSOGZ,1,1
724,1589-AGTLK,1,1
725,5244-IRFIH,1,1
726,6549-YMFAW,0,0
727,4950-HKQTE,0,0
728,6786-OBWQR,0,1
729,2684-EIWEO,1,0
730,2753-JMMCV,0,0
731,6439-GTPCA,1,0
732,6621-YOBKI,0,0
733,1216-JWVUX,0,0
734,7564-GHCVB,0,0
735,1173-NOEYG,0,0
736,7595-EHCDL,0,0
737,6647-ZEDXT,0,0
738,2521-NPUZR,0,0
739,1307-TVUFB,0,0
740,7503-MIOGA,0,0
741,4381-MHQDC,0,0
742,6923-JHPMP,0,1
743,5138-WVKYJ,1,1
744,4018-PPNDW,0,0
745,1635-FJFCC,0,0
746,2499-AJYUA,0,0
747,6919-ELBGL,0,0
748,3966-HRMZA,0,1
749,6425-JWTDV,0,0
750,8405-IGQFX,0,0
751,8224-IVVPA,0,0
752,9477-LGWQI,0,0
753,1410-RSCMR,0,0
754,3115-CZMZD,0,0
755,0139-IVFJG,0,0
756,6683-VLCTZ,1,1
757,5730-DBDSI,0,0
758,0030-FNXPP,0,0
759,2189-WWOEW,1,0
760,5684-FJVYR,0,0
761,4013-GUXND,0,0
762,1894-IGFSG,1,0
763,7379-POKDZ,1,1
764,1266-NZYUI,0,0
765,7969-FFOWG,0,0
766,4718-DHSMV,0,0
767,5175-WLYXL,0,0
768,7817-OMJNA,0,0
769,8728-SKJLR,0,0
770,3137-NYQQI,0,0
771,7706-DZNKK,0,0
772,0236-HFWSV,1,1
773,3900-AQPHZ,1,0
774,5842-POCOP,1,0
775,2037-XJFUP,1,0
776,8823-RLPWL,0,0
777,9505-SQFSW,0,0
778,7314-OXENN,1,1
779,3758-CKOQL,0,0
780,0322-CHQRU,1,0
781,5676-CFLYY,0,0
782,7521-AFHAB,0,0
783,0285-INHLN,0,0
784,4678-DVQEO,1,1
785,5125-CNDSP,0,0
786,0691-IFBQW,1,0
787,4992-LTJNE,0,0
788,2202-OUTMO,0,0
789,0810-BDHAW,0,0
790,0229-LFJAF,0,0
791,7131-ZQZNK,0,0
792,3442-ZHHCC,0,0
793,5726-CVNYA,0,0
794,9871-ELEYA,0,0
795,4257-GAESD,0,1
796,5173-WXOQV,0,0
797,2040-OBMLJ,0,0
798,6286-ZHAOK,0,0
799,3807-XHCJH,0,0
800,3009-JWMPU,1,0
801,5671-RQRLP,0,0
802,1450-GALXR,1,1
803,8859-AXJZP,0,0
804,3174-AKMAS,0,0
805,3138-BKYAV,1,1
806,9926-PJHDQ,0,0
807,7382-DFJTU,0,0
808,2798-NYLMZ,0,0
809,4289-DTDKW,1,1
810,1820-TQVEV,1,1
811,2239-JALAW,1,0
812,4853-RULSV,1,0
813,8098-TDCBU,0,0
814,3551-GAEGL,0,0
815,4785-NKHCX,0,0
816,3196-NVXLZ,0,0
817,6275-YDUVO,1,1
818,0036-IHMOT,0,0
819,0115-TFERT,1,0
820,4178-EGMON,0,0
821,4220-TINQT,0,0
822,5318-YKDPV,0,0
823,7975-TZMLR,0,0
824,0295-QVKPB,0,0
825,4335-BSMJS,0,0
826,2311-QYMUQ,1,0
827,3643-AHCFP,1,1
828,9146-JRIOX,0,0
829,3104-OWCGK,1,0
830,5337-IIWKZ,0,0
831,9101-BWFSS,1,0
832,9650-VBUOG,0,0
833,3487-EARAT,0,0
834,2672-TGEFF,0,1
835,9231-ZJYAM,1,1
836,4250-WAROZ,0,0
837,8184-WMOFI,0,0
838,6982-SSHFK,1,0
839,6092-QZVPP,0,0
840,4625-LAMOB,0,0
841,0727-BMPLR,1,0
842,0392-BZIUW,0,0
843,1038-ZAGBI,1,0
844,6549-NNDYT,0,0
845,3027-ZTDHO,1,1
846,0422-OHQHQ,0,0
847,6916-HIJSE,0,0
848,2316-ESMLS,0,0
849,9778-OGKQZ,0,0
850,7408-OFWXJ,0,0
851,6007-TCTST,0,0
852,2252-NKNSI,0,0
853,8713-IGZSO,0,0
854,7905-TVXTA,0,0
855,7695-PKLCZ,0,0
856,2382-BCKQJ,1,0
857,8374-UULRV,0,0
858,2207-NHRJK,1,0
859,3224-DFQNQ,0,0
860,5275-PMFUT,0,0
861,4795-UXVCJ,0,0
862,9777-IQHWP,0,0
863,0947-MUGVO,1,0
864,9944-HKVVB,1,1
865,4124-MMETB,1,1
866,3671-SHRSP,1,1
867,0979-MOZQI,0,0
868,2732-ISEZX,0,0
869,3313-QKNKB,1,0
870,0323-XWWTN,0,0
871,1937-OTUKY,0,0
872,1573-LGXBA,0,0
873,1764-VUUMT,0,0
874,5073-WXOYN,1,0
875,4713-ZBURT,0,0
876,3050-GBUSH,0,1
877,0207-MDKNV,1,0
878,7876-AEHIG,0,0
879,7945-HLKEA,0,0
880,9342-VNIMQ,0,0
881,9851-KIELU,1,1
882,3523-BRGUW,0,0
883,3908-BLSYF,1,1
884,3199-NPKCN,0,0
885,5170-PTRKA,0,0
886,4661-NJEUX,0,0
887,2123-AGEEN,0,1
888,1258-YMZNM,0,0
889,0048-LUMLS,0,0
890,7549-MYGPK,1,0
891,5898-IGSLP,0,0
892,3804-RVTGV,1,0
893,6259-WJQLC,0,0
894,9227-LUNBG,1,1
895,7997-EASSD,0,0
896,0730-KOAVE,0,0
897,8975-SKGRX,0,0
898,0678-RLHVP,0,0
899,4315-MURBD,1,0
900,2267-FPIMA,0,0
901,1051-GEJLJ,0,0
902,9734-YWGEX,1,1
903,2719-BDAQO,1,0
904,5285-MVEHD,0,0
905,0379-DJQHR,0,0
906,0781-LKXBR,1,1
907,5543-QDCRY,0,1
908,0297-RBCSG,0,0
909,4694-PHWFW,0,0
910,0835-JKADZ,0,0
911,1907-UBQFC,1,1
912,7508-SMHXL,0,0
913,3865-YIOTT,0,0
914,5993-BQHEA,0,0
915,6024-RUGGH,0,0
916,6513-EECDB,1,1
917,3956-CJUST,0,0
918,4079-WWQQQ,0,0
919,6103-BOCOU,0,1
920,5149-TGWDZ,0,0
921,7471-WNSUF,0,0
922,8942-DBMHZ,0,0
923,4301-VVZKA,0,1
924,9199-PWQVC,0,0
925,4824-GUCBY,0,0
926,5393-HJZSM,0,0
927,7074-IEVOJ,1,1
928,9625-QSTYE,1,1
929,0862-PRCBS,0,0
930,8812-ZRHFP,0,0
931,5146-CBVOE,0,0
932,0454-OKRCT,0,0
933,5787-KXGIY,0,0
934,4750-ZRXIU,1,1
935,4198-VFOEA,0,0
936,6630-UJZMY,0,1
937,5709-LVOEQ,0,0
938,6400-BWQKW,1,1
939,2692-AQCPF,0,0
940,0347-UBKUZ,0,0
941,0835-DUUIQ,0,0
942,0811-GSDTP,0,0
943,7567-ECMCM,0,0
944,6115-ZTBFQ,0,0
945,6353-BRMMA,0,0
946,6680-WKXRZ,1,1
947,6231-WFGFH,0,0
948,9904-EHEVJ,0,0
949,7028-DVOIQ,1,1
950,6169-PPETC,0,0
951,4208-UFFGW,1,1
952,8584-KMVXD,0,0
953,8467-WYNSR,0,0
954,0851-DFJKB,0,0
955,5382-SOYZL,0,1
956,9448-REEVD,1,0
957,3261-CQXOL,0,0
958,8388-FYNPZ,0,0
959,4002-BQWPQ,0,0
960,5651-YLPRD,0,0
961,2826-DXLQO,0,0
962,4378-BZYFP,0,0
963,9489-UTFKA,0,0
964,4849-PYRLQ,0,0
965,9117-SHLZX,1,1
966,9889-TMAHG,1,0
967,4541-RMRLG,1,0
968,7764-BDPEE,0,0
969,3429-IFLEM,0,0
970,3158-MOERK,1,1
971,7294-TMAOP,1,1
972,5002-GCQFH,0,0
973,0556-FJEGU,0,0
974,8919-FYFQZ,1,0
975,0604-THJFP,0,0
976,2834-JRTUA,1,0
977,5875-YPQFJ,1,1
978,5879-SESNB,0,1
979,6646-QVXLR,1,0
980,6461-PPAXN,0,0
981,3318-ISQFQ,0,0
982,1106-HRLKZ,0,0
983,2483-XSSMZ,0,0
984,8603-IJWDN,1,1
985,8165-ZJRNM,0,0
986,9369-XFEHK,1,0
987,2604-XVDAM,0,0
988,3717-OFRTN,0,0
989,9046-JBFWA,0,0
990,3280-NMUVX,0,0
991,1206-EHBDD,0,0
992,8361-LBRDI,0,0
993,4883-KCPZJ,0,0
994,9108-EQPNQ,0,0
995,7277-KAMWT,0,0
996,3842-IYKUE,1,0
997,6641-XRPSU,1,0
998,1374-DMZUI,1,1
999,2545-LXYVJ,0,0
1000,3234-VKACU,0,0
1001,8357-EQXFO,1,1
1002,1989-PRJHP,1,1
1003,8120-JDCAM,0,1
1004,8917-FAEMR,0,0
1005,7047-YXDMZ,0,0
1006,2858-EIMXH,0,0
1007,9524-EGPJC,1,0
1008,6993-OHLXR,1,1
1009,8818-XYFCQ,1,0
1010,6419-ZTTLE,0,0
1011,0929-HYQEW,0,0
1012,6614-YOLAC,0,0
1013,7426-RHZGU,0,1
1014,4065-JJAVA,0,0
1015,4695-VADHF,1,0
1016,3863-IUBJR,1,0
1017,7649-SIJJF,0,0
1018,9361-YNQWJ,0,0
1019,3748-FVMZZ,0,1
1020,9391-TTOYH,0,0
1021,1452-XRSJV,0,0
1022,3422-WJOYD,0,0
1023,8242-SOQUO,0,1
1024,7460-ITWWP,0,0
1025,7147-AYBAA,0,0
1026,7868-TMWMZ,0,0
1027,4822-RVYBB,1,1
1028,6732-FZUGP,0,0
1029,8436-BJUMM,1,1
1030,4184-TJFAN,1,1
1031,8329-GWVPJ,0,0
1032,1352-VHKAJ,0,0
1033,4145-UQXUQ,1,1
1034,2632-TACXW,0,0
1035,8146-QQKZH,0,0
1036,1767-CJKBA,0,0
1037,6445-TNRXS,0,0
1038,4581-LNWUM,0,0
1039,4869-EPIUS,0,0
1040,9948-YPTDG,1,0
1041,1236-WFCDV,1,0
1042,1915-OAKWD,0,0
1043,7296-PIXQY,0,0
1044,4883-QICIH,1,0
1045,3354-OADJP,0,0
1046,3524-WQDSG,0,0
1047,0810-DHDBD,0,0
1048,4026-SKKHW,0,0
1049,2829-HYVZP,0,0
1050,8329-IBCTI,1,0
1051,1271-SJBGZ,1,0
1052,3845-JHAMY,0,0
1053,7013-PSXHK,0,0
1054,5669-SRAIP,1,1
1055,5981-ITEMU,1,0
1056,3486-NPGST,0,0
1057,6941-PMGEP,1,1
1058,1624-WOIWJ,1,0
1059,2074-GKOWZ,1,1
1060,0376-YMCJC,1,1
1061,6100-FJZDG,0,0
1062,4829-ZLJTK,0,0
1063,1730-VFMWO,0,0
1064,7143-BQIBA,0,0
1065,3800-LYTRK,0,0
1066,0634-SZPQA,1,0
1067,9646-NMHXE,0,0
1068,7030-NJVDP,0,0
1069,5536-RTPWK,1,0
1070,8883-GRDWQ,0,0
1071,6166-ILMNY,1,1
1072,3097-NNSPB,1,1
1073,7771-ZONAT,0,0
1074,0655-RBDUG,1,1
1075,2111-DWYHN,0,0
1076,4194-WHFCB,0,0
1077,4121-AGSIN,0,0
1078,4361-BKAXE,1,0
1079,9845-PEEKO,0,0
1080,0455-XFASS,0,1
1081,0301-KOBTQ,0,0
1082,1751-NCDLI,0,1
1083,4367-NUYAO,0,0
1084,9878-TNQGW,1,1
1085,9170-ARBTB,0,0
1086,4441-NIHPT,1,1
1087,8999-BOHSE,1,0
1088,7241-AJHFS,0,0
1089,7029-RPUAV,1,1
1090,4546-FOKWR,0,1
1091,9036-CSKBW,0,0
1092,5832-TRLPB,0,0
1093,8590-YFFQO,0,0
1094,8659-IOOPU,0,0
1095,1338-CECEE,0,0
1096,7439-DKZTW,0,1
1097,4646-QZXTF,0,0
1098,4607-CHPCA,1,0
1099,9742-XOKTS,0,0
1100,6921-OZMFH,0,0
1101,9578-FOMUK,0,0
1102,4712-UYOOI,0,0
1103,8824-RWFXJ,1,0
1104,7722-CVFXN,0,0
1105,8717-VCTXJ,0,0
1106,7363-QTBIW,0,1
1107,4159-NAAIX,0,0
1108,0971-QIFJK,0,0
1109,9397-TZSHA,0,0
1110,3391-JSQEW,0,0
1111,0343-QLUZP,0,0
1112,9763-PDTKK,1,0
1113,2176-LVPNX,0,0
1114,7627-JKIAZ,1,0
1115,3312-UUMZW,0,1
1116,1271-UODNO,0,0
1117,8461-EFQYM,0,0
1118,6900-RBKER,0,0
1119,6891-JPYFF,0,0
1120,1459-QNFQT,0,0
1121,1047-NNCBF,0,0
1122,3696-XRIEN,0,0
1123,4081-DYXAV,1,0
1124,0074-HDKDG,0,0
1125,8791-GFXLZ,0,0
1126,8111-SLLHI,1,1
1127,0927-LCSMG,1,0
1128,9330-DHBFL,0,0
1129,0098-BOWSO,0,0
1130,3452-ABWRL,0,0
1131,5859-HZYLF,0,0
1132,8257-RZAHR,1,0
1133,5293-WXJAK,1,1
1134,3156-QLHBO,0,0
1135,2208-NQBCT,0,0
1136,1779-PWPMG,0,0
1137,6621-NRZAK,0,0
1138,0831-JNISG,0,0
1139,0774-IFUVM,0,0
1140,3082-WQRVY,0,0
1141,9553-DLCLU,0,0
1142,1641-BYBTK,0,0
1143,2460-NGXBJ,0,1
1144,2446-ZKVAF,0,0
1145,0841-NULXI,1,1
1146,3522-CDKHF,0,0
1147,1430-SFQSA,0,0
1148,0411-EZJZE,0,1
1149,7851-WZEKY,1,1
1150,8844-TONUD,1,1
1151,8807-ARQET,0,0
1152,8992-CEUEN,0,0
1153,4320-QMLLA,0,0
1154,8777-PVYGU,0,0
1155,8292-ITGYJ,0,0
1156,6870-ZWMNX,0,0
1157,0621-CXBKL,0,0
1158,5268-DSMNQ,0,0
1159,5334-JLAXU,0,0
1160,4086-YQSNZ,1,1
1161,6242-MBHPK,0,1
1162,5868-CZJDR,1,0
1163,9359-UGBTK,0,0
1164,0135-NMXAP,1,1
1165,4782-OSFXZ,0,0
1166,6479-OAUSD,0,0
1167,7129-ACFOG,0,0
1168,4189-NAKJS,0,0
1169,5562-BETPV,0,0
1170,1282-IHQAC,0,0
1171,9127-FHJBZ,0,0
1172,6270-OMFIW,1,0
1173,1641-RQDAY,0,1
1174,0107-WESLM,1,0
1175,6994-ORCWG,0,0
1176,1346-UFHAX,0,0
1177,3992-YWPKO,1,1
1178,2933-XEUJM,0,0
1179,0125-LZQXK,1,1
1180,5461-QKNTN,0,0
1181,4835-YSJMR,0,0
1182,8399-YNDCH,1,0
1183,3164-YAXFY,0,0
1184,0887-WBJVH,0,0
1185,4660-IRIBM,0,0
1186,5673-FSSMF,1,1
1187,7670-ZBPOQ,0,0
1188,8089-UZWLX,0,0
1189,0080-OROZO,0,0
1190,3916-NRPAP,0,1
1191,6807-SIWJI,0,0
1192,8221-HVAYI,0,0
1193,1579-KLYDT,1,1
1194,5232-NXPAY,0,0
1195,8967-SZQAS,0,0
1196,4468-KAZHE,0,0
1197,0455-ENTCR,0,0
1198,8944-AILEF,0,0
1199,5542-NKVRU,0,0
1200,7126-RBHSD,0,0
1201,5370-IIVVL,0,0
1202,6789-HJBWG,0,0
1203,3927-NLNRY,1,0
1204,9087-EYCPR,0,0
1205,6791-YBNAK,0,0
1206,6358-LYNGM,1,1
1207,6077-BDPXA,0,1
1208,0013-MHZWF,0,0
1209,5494-HECPR,1,1
1210,8268-YDIXR,0,0
1211,9824-BEMCV,1,0
1212,1373-ORVIZ,1,0
1213,4291-SHSBH,0,1
1214,6980-IMXXE,0,0
1215,9866-QEVEE,1,1
1216,9897-KXHCM,1,1
1217,0040-HALCW,0,0
1218,0784-GTUUK,0,0
1219,7979-CORPM,1,0
1220,2294-DMMUS,0,0
1221,0872-JCPIB,0,0
1222,3055-MJDSB,0,0
1223,9091-WTUUY,0,0
1224,1618-CFHME,1,1
1225,3165-HDOEW,1,0
1226,6581-NQCBA,1,0
1227,7115-IRDHS,0,0
1228,8496-DMZUK,0,0
1229,2040-VZIKE,0,0
1230,9068-VPWQQ,0,0
1231,0178-SZBHO,0,0
1232,0384-RVBPI,0,0
1233,1689-MRZQR,1,0
1234,1299-AURJA,0,0
1235,4525-VZCZG,0,0
1236,1543-LLLFT,0,0
1237,5835-BEQEU,1,1
1238,2788-CJQAQ,0,0
1239,5565-FILXA,1,1
1240,0319-QZTCO,0,0
1241,2120-SMPEX,0,0
1242,0096-FCPUF,0,0
1243,0668-OGMHD,0,0
1244,5552-ZNFSJ,1,1
1245,2223-KAGMX,1,0
1246,6507-ZJSUR,0,1
1247,9408-HRXRK,0,0
1248,5593-SUAOO,0,0
1249,7321-PKUYW,1,1
1250,2833-SLKDQ,1,0
1251,6766-HFKLA,0,0
1252,7595-EUIVN,1,1
1253,7617-EYGLW,0,0
1254,2026-TGDHM,1,1
1255,9220-ZNKJI,0,0
1256,4030-VPZBD,1,1
1257,2226-ICFDO,0,0
1258,0723-VSOBE,0,0
1259,5529-GIBVH,0,0
1260,4187-CINZD,1,0
1261,9992-UJOEL,0,0
1262,4741-WWJQZ,0,1
1263,6625-UTXEW,0,0
1264,6818-WOBHJ,1,0
1265,6244-BESBM,0,0
1266,1004-NOZNR,0,0
1267,1251-STYSZ,0,1
1268,2612-PHGOX,0,0
1269,2408-TZMJL,1,0
1270,8480-PPONV,0,0
1271,8780-IHCRN,0,0
1272,4598-ZADCK,0,0
1273,1257-SXUXQ,0,0
1274,9681-KYGYB,0,0
1275,7182-OVLBJ,0,0
1276,5095-ETBRJ,0,0
1277,7005-CYUIL,0,0
1278,4821-WQOYN,0,0
1279,4730-AWNAU,0,0
1280,3452-FLHYD,0,0
1281,2388-LAESQ,0,0
1282,9531-NSBMR,0,0
1283,6260-ONULR,0,1
1284,4389-UEFCZ,0,0
1285,8711-LOBKY,0,0
1286,9134-CEQMF,1,1
1287,8985-OOPOS,0,0
1288,8800-ZKRFW,0,0
1289,2616-FLVQC,0,0
1290,9968-FFVVH,0,0
1291,3108-PCCGG,0,0
1292,7993-PYKOF,1,0
1293,8390-FESFV,0,0
1294,3022-BEXHZ,0,0
1295,5027-XWQHA,1,0
1296,6248-TKCQV,0,0
1297,6729-GDNGC,0,0
1298,6198-ZFIOJ,0,1
1299,5989-OMNJE,0,0
1300,4566-QVRRW,1,0
1301,1291-CUOCY,0,0
1302,9795-SHUHB,0,0
1303,3230-IUALN,0,0
1304,0042-RLHYP,0,0
1305,8519-IMDHU,1,1
1306,4945-RVMTE,0,0
1307,0201-OAMXR,1,0
1308,1866-NXPSP,0,0
1309,3372-KWFBM,1,1
1310,7831-QGOXH,1,1
1311,6393-WRYZE,1,1
1312,3941-XTSKM,0,0
1313,1661-CZBAU,0,0
1314,6599-RCLCJ,1,0
1315,9831-BPFRI,1,0
1316,5158-RIVOP,0,0
1317,9788-YTFGE,0,0
1318,9277-JOOMO,0,0
1319,1907-YLNYW,0,0
1320,1725-MIMXW,1,0
1321,8947-YRTDV,0,0
1322,3161-ONRWK,0,0
1323,0114-RSRRW,0,0
1324,4565-NLZBV,0,0
1325,0031-PVLZI,1,0
1326,7206-GZCDC,1,1
1327,6682-VCIXC,0,0
1328,4791-QRGMF,1,0
1329,6475-VHUIZ,0,0
1330,3910-MRQOY,0,0
1331,0661-WCQNQ,0,0
1332,7537-RBWEA,0,1
1333,4656-CAURT,0,0
1334,0121-SNYRK,0,0
1335,1768-ZAIFU,1,1
1336,4671-LXRDQ,1,0
1337,3733-LSYCE,0,0
1338,6265-FRMTQ,0,0
1339,1934-SJVJK,1,0
1340,3838-OZURD,1,0
1341,1371-DWPAZ,0,0
1342,9269-CQOOL,1,1
1343,2017-CCBLH,0,0
1344,7690-KPNCU,0,0
1345,0536-BGFMZ,0,0
1346,2293-IJWPS,0,0
1347,2845-HSJCY,1,1
1348,5469-NUJUR,0,0
1349,1184-PJVDB,1,1
1350,2625-TRCZQ,0,0
1351,4102-HLENU,0,0
1352,7266-GSSJX,0,0
1353,7722-VJRQD,0,0
1354,7073-QETQY,0,0
1355,9415-DPEWS,1,1
1356,5624-RYAMH,0,0
1357,0196-JTUQI,0,1
1358,7130-YXBRO,0,0
1359,9272-LSVYH,0,0
1360,7943-RQCHR,1,1
1361,3793-MMFUH,1,1
1362,3249-ZPQRG,1,1
1363,2568-BRGYX,1,1
1364,3084-DOWLE,0,0
1365,1084-MNSMJ,0,0
1366,7721-JXEAW,1,0
1367,7249-WBIYX,1,1
1368,4238-HFHSN,0,0
1369,6250-CGGUN,0,0
1370,5478-JJVZK,0,0
1371,7596-IIWYC,0,0
1372,6567-HOOPW,1,1
1373,9793-WECQC,0,0
1374,4291-HPAXL,0,0
1375,8999-YPYBV,0,0
1376,1839-FBNFR,0,0
1377,3164-AALRN,1,0
1378,3071-MVJCD,0,0
1379,1697-BCSHV,0,0
1380,0562-KBDVM,0,0
1381,1131-SUEKT,0,0
1382,3717-OEAUQ,0,1
1383,4538-WNTMJ,0,0
1384,3334-CTHOL,1,1
1385,4704-ERYFC,1,0
1386,9432-RUVSL,0,0
1387,8060-HIWJJ,0,0
1388,7684-XSZIY,0,0
1389,9089-UOWJG,0,0
1390,8621-MNIHH,1,1
1391,8039-ACLPL,0,0
1392,9885-AIBVB,0,1
1393,1934-MKPXS,0,0
1394,2592-YKDIF,0,0
1395,2272-JKMSI,0,0
1396,0471-LVHGK,1,0
1397,9518-RWHZL,1,0
1398,8714-CTZJW,0,1
1399,3569-EDBPQ,0,0
1400,3131-NWVFJ,0,0
1401,7521-YXVZY,0,0
1402,5419-CONWX,1,1
1403,6240-EURKS,1,0
1404,2373-NTKOD,0,0
1405,1970-KKFWL,0,0
1406,6960-HVYXR,1,1
1407,9337-SRRNI,0,0
1408,0895-UADGO,0,0
1409,5678-VFNEQ,0,0
1410,5977-CKHON,0,0
1411,7024-OHCCK,1,1
1412,2692-BUCFV,0,0
1413,7861-UVUFT,1,1
1414,1830-GGFNM,0,0
1415,5302-BDJNT,0,0
1416,5223-UZAVK,0,0
1417,4859-ZSRDZ,0,0
1418,5651-WYIPH,0,0
1419,9350-VLHMB,0,0
1420,3498-LZGQZ,0,0
1421,8785-CJSHH,0,0
1422,5357-TZHPP,1,1
1423,3870-SPZSI,0,0
1424,0680-DFNNY,1,1
1425,7560-QRBXH,0,0
1426,7077-XJMET,0,0
1427,8752-GHJFU,0,0
1428,6896-SRVYQ,0,0
1429,7767-UXAGJ,1,1
1430,4652-ODEVH,0,0
1431,6510-UPNKS,0,0
1432,6718-BDGHG,0,0
1433,9046-DQMTP,0,0
1434,6439-LAJXL,0,0
1435,1571-SAVHK,1,1
1436,9052-VKDUW,0,0
1437,9546-CQJSU,1,1
1438,1666-JZPZT,0,0
1439,5777-KJIRB,0,0
1440,0506-LVNGN,1,1
1441,7677-SJJJK,0,0
1442,2480-EJWYP,0,0
1443,3253-HKOKL,0,0
1444,7055-HNEOJ,0,0
1445,5514-YQENT,0,0
1446,3211-AAPKX,0,0
1447,8445-DNBAE,0,1
1448,2951-QOQTK,1,1
1449,2958-NHPPS,0,0
1450,6806-YDEUL,0,0
1451,1735-XMJVH,0,0
1452,6890-PFRQX,0,0
1453,0222-CNVPT,0,0
1454,5899-OUVKV,0,0
1455,8681-ICONS,0,0
1456,1621-YNCJH,0,0
1457,3473-XIIIT,1,1
1458,6362-QHAFM,0,0
1459,7893-IXHRQ,1,0
1460,3070-BDOQC,0,0
1461,2952-QAYZF,1,1
1462,6234-PFPXL,0,0
1463,9824-QCJPK,0,0
1464,4763-PGDPO,1,1
1465,4283-IVYCI,0,0
1466,1866-OBPNR,0,1
1467,8205-MQUGY,0,0
1468,8970-ANWXO,0,0
1469,9480-BQJEI,0,0
1470,5394-SVGJV,1,0
1471,6979-TNDEU,0,0
1472,9777-WJJPR,0,0
1473,9283-LZQOH,1,1
1474,7079-QRCBC,1,1
1475,9495-SKLKD,0,0
1476,6048-UWKAL,0,0
1477,5067-DGXLL,0,0
1478,5469-CTCWN,1,0
1479,9851-QXEEQ,1,1
1480,6281-FKEWS,0,0
1481,8898-KASCD,0,0
1482,9242-TKFSV,0,0
1483,9290-SHCMB,0,1
1484,0743-HNPFG,0,0
1485,2277-BKJKN,0,0
1486,9809-IMGCQ,1,1
1487,5208-HFSBT,1,0
1488,5035-PGZXH,0,0
1489,8695-WDYEA,0,0
1490,6543-JXSOO,0,0
1491,8016-ZMGMO,0,0
1492,8605-ITULD,0,0
1493,3254-YRILK,1,1
1494,6416-YJTTB,0,0
1495,2667-WYLWJ,1,0
1496,4472-VESGY,0,0
1497,3195-TQDZX,0,0
1498,3128-YOVTD,0,0
1499,0529-ONKER,1,1
1500,1728-CXQBE,0,0
1501,7041-TXQJH,0,0
1502,5014-GSOUQ,0,0
1503,5724-BIDBU,0,0
1504,0481-SUMCB,0,0
1505,1769-GRUIK,0,0
1506,5240-IJOQT,1,1
1507,8819-WFGGJ,0,0
1508,7427-AUFPY,0,0
1509,2811-POVEX,0,0
1510,1092-GANHU,1,1
1511,7898-PDWQE,0,0
1512,9972-EWRJS,0,0
1513,9314-IJWSQ,0,1
1514,0661-XEYAN,1,1
1515,5799-JRCZO,0,0
1516,1921-KYSAY,0,0
1517,6198-RTPMF,0,1
1518,2924-KHUVI,0,0
1519,1925-GMVBW,0,0
1520,7881-EVUAD,1,1
1521,6184-DYUOB,0,0
1522,9207-ZPANB,0,0
1523,5766-XQXMQ,1,0
1524,9327-QSDED,0,0
1525,1656-DRSMG,0,0
1526,3012-VFFMN,0,0
1527,2984-AFWNC,0,1
1528,0640-YJTPY,0,0
1529,8096-LOIST,0,0
1530,9764-REAFF,0,0
1531,3703-VAVCL,1,0
1532,7107-UBYKY,0,0
1533,4881-GQJTW,0,0
1534,8519-QJGJD,1,0
1535,7876-DNYAP,0,0
1536,7905-NJMXS,0,0
1537,2882-WDTBA,0,0
1538,2091-GPPIQ,0,0
1539,6326-MTTXK,1,1
1540,5071-FBJFS,0,0
1541,2796-UUZZO,0,0
1542,2429-AYKKO,0,0
1543,9798-OPFEM,0,0
1544,0330-IVZHA,1,1
1545,3794-NFNCH,0,0
1546,5193-QLVZB,0,0
1547,7114-AEOZE,0,0
1548,2886-KEFUM,1,0
1549,5522-NYKPB,0,0
1550,4237-RLAQD,1,1
1551,9957-YODKZ,0,1
1552,6518-KZXCB,0,0
1553,2245-ADZFJ,0,0
1554,7776-QGYJC,0,0
1555,9313-QOLTZ,0,0
1556,9651-GTSAQ,1,0
1557,3186-BAXNB,1,1
1558,4672-FOTSD,0,0
1559,0637-YLETY,1,1
1560,9818-XQCUV,0,0
1561,7338-ERIVA,0,0
1562,1157-BQCUW,1,1
1563,8259-NFJTV,0,0
1564,3223-DWFIO,0,1
1565,2660-EMUBI,1,1
1566,6968-GMKPR,0,0
1567,4751-ERMAN,0,0
1568,1436-ZMJAN,0,0
1569,3292-PBZEJ,0,1
1570,0799-DDIHE,0,0
1571,3070-FNFZQ,0,0
1572,2812-SFXMJ,0,0
1573,7675-OZCZG,1,1
1574,5014-WUQMG,0,0
1575,5312-TSZVC,0,0
1576,2003-CKLOR,1,0
1577,0993-OSGPT,0,0
1578,9254-RBFON,1,0
1579,1205-WNWPJ,1,0
1580,9391-EOYLI,1,1
1581,7108-DGVUU,0,0
1582,2782-JEEBU,0,0
1583,5127-BZENZ,0,0
1584,2720-FVBQP,0,0
1585,9906-NHHVC,0,0
1586,4522-XRWWI,0,0
1587,3766-EJLFL,0,0
1588,5939-SXWHM,0,0
1589,8152-UOBNY,0,0
1590,7351-KYHQH,0,0
1591,7643-RCHXS,0,0
1592,8246-SHFGA,0,0
1593,8387-MOJJT,1,0
1594,0620-XEFWH,0,0
1595,6485-QXWWE,0,0
1596,2761-OCIAX,1,1
1597,7321-VGNKU,0,1
1598,5327-CNLUQ,0,0
1599,7552-KEYGT,0,0
1600,5816-JMLGY,0,0
1601,3068-OMWZA,1,1
1602,2927-QRRQV,0,0
1603,6032-KRXXO,1,1
1604,7459-RRWQZ,1,0
1605,6265-SXWBU,0,0
1606,7941-RCJOW,0,0
1607,6374-NTQLP,0,0
1608,4154-AQUGT,1,0
1609,2387-KDZQY,0,0
1610,3584-WKTTW,0,0
1611,3399-BMLVW,0,0
1612,1971-DTCZB,0,0
1613,3092-IGHWF,1,0
1614,3374-PZLXD,0,0
1615,3813-DHBBB,0,0
1616,2812-REYAT,0,0
1617,6518-PPLMZ,0,0
1618,4939-KYYPY,0,0
1619,8017-LXHFA,1,1
1620,5930-GBIWP,0,0
1621,6022-KOUQO,0,0
1622,6352-TWCAU,1,1
1623,2361-UPSND,0,0
1624,6035-RIIOM,0,0
1625,2929-QNSRW,1,0
1626,1262-OPMFY,1,1
1627,9504-DSHWM,0,0
1628,5035-BVCXS,0,0
1629,6267-DCFFZ,0,1
1630,3533-UVMOM,0,0
1631,2439-LYPMQ,0,1
1632,4248-QPAVC,1,0
1633,1899-VXWXM,1,0
1634,1478-VPOAD,0,0
1635,9995-HOTOH,0,0
1636,2988-PLAHS,0,0
1637,1371-OJCEK,0,0
1638,4999-IEZLT,0,0
1639,8883-ANODQ,0,0
1640,4690-LLKUA,1,0
1641,2351-RRBUE,0,0
1642,5980-BDHPY,0,0
1643,1498-DQNRX,0,0
1644,9469-WEJBT,0,0
1645,3331-HQDTW,1,0
1646,9490-DFPMD,1,1
1647,2581-VKIRT,0,0
1648,5442-XSDCW,1,0
1649,7426-WEIJX,0,0
1650,2851-MMUTZ,0,0
1651,3049-NDXFL,1,1
1652,8580-AECUZ,1,1
1653,3307-TLCUD,0,0
1654,6625-FLENO,0,0
1655,2967-MXRAV,0,0
1656,7963-GQRMY,1,0
1657,8189-HBVRW,0,0
1658,4163-KIUHY,0,0
1659,1228-FZFRV,1,0
1660,3500-NSDOA,0,0
1661,1171-TYKUR,0,0
1662,3761-FLYZI,0,0
1663,2058-DCJBE,1,1
1664,5364-XYIRR,1,1
1665,4829-AUOAX,1,0
1666,1219-NNDDO,0,1
1667,8388-DMKAE,0,0
1668,4403-BWPAY,0,0
1669,9659-QEQSY,0,0
1670,5405-ZMYXQ,0,1
1671,5047-LHVLY,1,1
1672,1442-OKRJE,0,0
1673,4737-AQCPU,0,0
1674,9158-VCTQB,1,0
1675,2808-CHTDM,0,0
1676,6311-UEUME,1,1
1677,0793-TWELN,0,1
1678,3283-WCWXT,0,0
1679,1060-ENTOF,0,0
1680,0999-QXNSA,0,0
1681,5451-MHQOF,0,0
1682,4836-WNFNO,0,0
1683,9225-BZLNZ,0,0
1684,0354-VXMJC,0,0
1685,4422-QVIJA,0,0
1686,9365-SRSZE,0,0
1687,6839-ITVZJ,1,0
1688,8332-OSJDW,0,0
1689,4735-BJKOU,0,0
1690,0274-JKUJR,0,0
1691,5740-YHGTW,0,0
1692,8917-SZTTJ,0,0
1693,1696-MZVAU,0,0
1694,7359-WWYJV,0,0
1695,0375-HVGXO,1,1
1696,4906-ZHGPK,0,0
1697,8593-WHYHV,1,1
1698,3795-GWTRD,0,0
1699,1298-PHBTI,0,0
1700,6223-DHJGV,0,0
1701,6961-MJKBO,0,0
1702,6097-EQISJ,1,0
1703,4423-YLHDV,1,0
1704,8158-WPEZG,0,0
1705,0107-YHINA,1,1
1706,4918-FYJNT,0,0
1707,0727-BNRLG,0,0
1708,4854-CIDCF,0,1
1709,8640-SDGKB,1,1
1710,3280-MRDOF,0,0
1711,6435-SRWBJ,0,1
1712,9964-WBQDJ,0,0
1713,6303-KFWSL,0,0
1714,1702-CCFNJ,0,0
1715,8932-CZHRQ,0,0
1716,0386-CWRGM,0,0
1717,5515-RUGKN,0,0
1718,0404-AHASP,0,0
1719,7279-NMVJC,0,0
1720,2081-VEYEH,0,1
1721,6407-UTSLV,0,1
1722,4116-TZAQJ,1,0
1723,9060-HJJRW,0,0
1724,2587-YNLES,0,0
1725,7398-SKNQZ,0,1
1726,5935-FCCNB,0,1
1727,1958-RNRKS,0,0
1728,5136-RGMZO,0,0
1729,8345-MVDYC,0,0
1730,8226-BXGES,0,0
1731,3877-JRJIP,1,1
1732,8375-DKEBR,1,1
1733,9705-IOVQQ,0,0
1734,1015-OWJKI,0,0
1735,7511-YMXVQ,1,1
1736,2040-XBAVJ,0,0
1737,7551-JOHTI,1,0
1738,8887-IPQNC,0,0
1739,8646-JCOMS,0,0
1740,9804-ICWBG,1,1
1741,1222-KJNZD,0,0
1742,0106-GHRQR,0,0
1743,5318-IXUZF,1,1
1744,3768-VHXQO,0,0
1745,8952-WCVCD,0,0
1746,2418-TPEUN,0,0
1747,3963-RYFNS,0,0
1748,3198-VELRD,1,1
1749,8540-ZQGEA,0,0
1750,1320-REHCS,0,0
1751,4137-JOPHL,0,0
1752,9436-ZBZCT,1,1
1753,7801-CEDNV,0,0
1754,2057-BOYKM,0,0
1755,3658-QQJYD,0,0
1756,1803-BGNBD,0,0
1757,0134-XWXCE,0,0
1758,6950-TWMYB,0,0
1759,5848-FHRFC,0,0
1760,2243-FNMMI,0,0
1761,2511-MORQY,0,0
1762,5356-KZCKT,0,0
1763,9470-XCCEM,0,0
1764,6519-CFDBX,0,1
1765,3902-MIVLE,0,0
1766,0409-WTMPL,0,0
1767,8763-KIAFH,0,0
1768,3669-WHAFY,0,0
1769,3055-VTCGS,0,0
1770,3144-KMTWZ,0,0
1771,7279-BUYWN,1,0
1772,7156-MHUGY,1,1
1773,7198-GLXTC,1,1
1774,2007-QVGAW,0,0
1775,5207-PLSTK,0,0
1776,2307-FYNNL,0,0
1777,5605-XNWEN,0,0
1778,2155-AMQRX,0,0
1779,6181-AXXYF,0,0
1780,5091-HFAZW,0,1
1781,0516-VRYBW,1,0
1782,2519-LBNQL,0,0
1783,8623-ULFNQ,0,0
1784,8380-PEFPE,1,1
1785,5687-DKDTV,1,0
1786,1568-LJSZU,0,0
1787,7530-HDYDS,1,0
1788,7789-HKSBS,0,0
1789,7416-CKTEP,0,0
1790,2586-CWXVV,0,0
1791,3096-IZETN,1,0
1792,2348-KCJLT,0,0
1793,8401-EMUWF,0,0
1794,4193-IBKSW,0,0
1795,5377-NDTOU,0,0
1796,5922-ABDVO,1,0
1797,2474-LCNUE,0,0
1798,0839-QNXME,0,0
1799,3506-OVLKD,0,0
1800,9172-ANCRX,1,1
1801,6650-VJONK,0,1
1802,2178-PMGCJ,0,0
1803,7492-TAFJD,0,0
1804,2773-MADBQ,0,0
1805,6016-LVTJQ,0,0
1806,7860-KSUGX,0,0
1807,8966-KZXXA,0,0
1808,6910-HADCM,1,1
1809,4816-LXZYW,1,1
1810,9606-PBKBQ,1,1
1811,5149-QYTTU,0,0
1812,2070-XYMFH,0,0
1813,2085-BOJKI,0,0
1814,0817-HSUSE,0,1
1815,5442-PPTJY,0,0
1816,1927-QEWMY,0,0
1817,1663-MHLHE,0,0
1818,5663-QBGIS,0,0
1819,4450-MDZFX,0,0
1820,6701-DHKWQ,0,0
1821,7554-AKDQF,0,0
1822,3536-IQCTX,1,1
1823,4911-BANWH,1,0
1824,8496-EJAUI,1,0
1825,0794-YVSGE,0,0
1826,5423-BHIXO,0,0
1827,6908-VVYHM,0,0
1828,2959-EEXWB,0,0
1829,1839-UMACK,0,0
1830,3030-YDNRM,0,1
1831,7321-KKSDU,0,0
1832,3402-XRIUO,0,0
1833,3132-TVFDZ,1,0
1834,8286-AFUYI,0,0
1835,8080-DDEMJ,1,1
1836,8356-WUAOJ,0,1
1837,6365-MTGZX,1,0
1838,1349-WXNGG,1,0
1839,8058-DMYRU,0,0
1840,9350-ZXYJC,0,0
1841,6990-YNRIO,1,0
1842,8958-JPTRR,0,0
1843,6959-GQEGV,0,0
1844,3173-WSSUE,0,0
1845,1265-HVPZB,0,0
1846,4115-UMJFQ,0,0
1847,7369-TRPFD,0,0
1848,1098-KFQEC,0,0
1849,7190-XHTWJ,0,0
1850,0621-TWIEM,1,0
1851,3537-RYBHH,0,0
1852,2485-ITVKB,1,1
1853,3669-OYSJI,1,0
1854,1612-EOHDH,1,0
1855,6702-OHFWR,1,1
1856,5296-BFCYD,0,0
1857,4510-PYUSH,1,0
1858,9359-JANWS,0,0
1859,7517-SAWMO,1,0
1860,4143-HHPMK,1,0
1861,3279-DYZQM,0,0
1862,7054-LGEQW,1,1
1863,0523-VNGTF,0,0
1864,9575-IWCAZ,0,0
1865,7105-MXJLL,0,0
1866,7064-FRRSW,0,0
1867,7940-UQQUG,0,0
1868,0923-PNFUB,1,1
1869,3961-SXAXY,0,1
1870,7010-BRBUU,0,0
1871,3566-HJGPK,0,1
1872,3062-ICYZQ,0,0
1873,9938-PRCVK,0,0
1874,0973-KYVNF,0,0
1875,5129-HHMZC,0,0
1876,9637-CDTKZ,0,0
1877,3946-JEWRQ,0,0
1878,7873-CVMAW,0,0
1879,0463-WZZKO,0,0
1880,3494-JCHRQ,1,1
1881,6474-FVJLC,1,1
1882,4524-QCSSM,0,0
1883,5832-EXGTT,0,0
1884,8840-DQLGN,1,0
1885,2039-JONDJ,0,0
1886,7217-JYHOQ,0,0
1887,6695-FRVEC,0,0
1888,4547-LYTDD,1,0
1889,9894-QMIMJ,0,0
1890,8069-YQQAJ,0,0
1891,6770-XUAGN,1,0
1892,4193-ORFCL,1,1
1893,1636-NTNCO,0,1
1894,3466-WAESX,0,0
1895,9281-PKKZE,0,0
1896,3638-VBZTA,0,0
1897,7459-IMVYU,0,0
1898,7776-QWNFX,1,0
1899,6689-TCZHQ,1,1
1900,8563-OYMQY,0,0
1901,0754-EEBDC,0,0
1902,5777-ZPQNC,0,0
1903,1951-IEYXM,0,0
1904,3318-NMQXL,0,1
1905,3143-ILDAL,1,0
1906,1022-RKXDR,0,0
1907,2361-FJWNO,0,0
1908,2272-UOINI,0,0
1909,8232-UTFOZ,0,0
1910,3750-YHRYO,0,0
1911,6637-KYRCV,0,0
1912,5668-MEISB,0,0
1913,0129-QMPDR,0,0
1914,7188-CBBBA,0,0
1915,5356-CSVSQ,0,0
1916,3221-CJMSG,0,0
1917,4720-VSTSI,1,0
1918,3219-JQRSL,0,0
1919,2801-NISEI,0,0
1920,3946-MHCZW,1,1
1921,4623-ZKHLY,0,0
1922,6732-VAILE,0,0
1923,8201-AAXCB,0,0
1924,7696-CFTAT,0,0
1925,1845-CSBRZ,0,0
1926,2123-VSCOT,0,0
1927,6651-AZVTJ,1,1
1928,4566-GOLUK,1,0
1929,2484-DGXPZ,1,0
1930,2018-QKYGT,0,1
1931,2792-VPPET,0,0
1932,7409-JURKQ,0,0
1933,3247-MHJKM,0,0
1934,1964-SVLEA,0,0
1935,4587-NUKOX,1,0
1936,7297-DVYGA,0,0
1937,2239-CGBUZ,0,0
1938,0854-UYHZD,0,0
1939,7243-LCGGZ,0,0
1940,8267-KFGYD,0,0
1941,4890-VMUAV,0,0
1942,9261-WDCAF,0,0
1943,3764-MNMOI,0,0
1944,7442-YGZFK,0,1
1945,0420-BWTPW,1,0
1946,8229-BUJHX,0,0
1947,7449-HVPIV,0,0
1948,5504-WSIUR,0,0
1949,8183-ONMXC,1,1
1950,8466-PZBLH,0,0
1951,9614-RMGHA,1,0
1952,8735-IJJEG,0,0
1953,0564-MUUQK,0,0
1954,5054-IEXZT,1,1
1955,5834-ASPWA,1,1
1956,0701-RFGFI,0,0
1957,0019-EFAEP,0,0
1958,5619-PTMIK,0,0
1959,3737-XBQDD,0,0
1960,5882-CMAZQ,0,0
1961,5846-QFDFI,0,0
1962,4445-KWOKW,0,0
1963,3511-APPBJ,0,0
1964,7967-HYCDE,0,0
1965,2430-RRYUW,0,0
1966,3948-XHGNA,1,0
1967,3723-BFBGR,0,0
1968,0565-IYCGT,1,0
1969,5447-WZAFP,0,0
1970,5110-CHOPY,0,0
1971,5445-UTODQ,1,1
1972,4425-OWHWB,0,0
1973,7892-QVYKW,0,1
1974,9675-ICXCT,0,0
1975,1024-VRZHF,1,1
1976,4703-MQYKT,0,0
1977,9497-QCMMS,1,1
1978,5692-ICXLW,0,1
1979,0602-DDUML,0,0
1980,2208-MPXIO,0,0
1981,1960-UYCNN,0,1
1982,0348-SDKOL,1,0
1983,3190-FZATL,0,0
1984,7336-RLLRH,0,0
1985,4373-MAVJG,1,1
1986,8901-HJXTF,1,0
1987,7710-JSYOA,0,0
1988,5419-KLXBN,1,0
1989,3424-NMNBO,1,0
1990,9885-MFVSU,0,0
1991,4514-GFCFI,1,1
1992,0607-MVMGC,0,0
1993,3365-SAIGS,0,1
1994,9828-AOQLM,1,1
1995,8022-BECSI,0,0
1996,8000-REIQB,1,1
1997,9993-LHIEB,0,0
1998,0266-CLZKZ,0,0
1999,7615-ESMYF,1,1
2000,3858-VOBET,1,1
2001,7020-OZKXZ,0,0
2002,3977-QCRSL,0,0
2003,0017-DINOC,0,0
2004,1447-PJGGA,1,0
2005,8565-CLBZW,1,0
2006,9139-WQQDY,1,0
2007,0224-HJAPT,1,0
2008,8086-OVPWV,1,1
2009,9430-FRQOC,1,1
2010,7639-OPLNG,0,0
2011,3074-GQWYX,1,1
2012,1492-QGCLU,0,0
2013,6845-RGTYS,1,0
2014,7328-OWMOM,0,0
2015,4418-LZMSV,0,0
2016,5155-AZQPB,0,0
2017,8861-HGGKB,1,1
2018,1087-GRUYI,0,0
2019,7065-YUNRY,1,1
2020,7694-VLBWQ,1,0
2021,2546-KZAAT,0,0
2022,0181-RITDD,0,0
2023,5989-PGKJB,0,1
2024,4795-KTRTH,1,1
2025,8272-ONJLV,0,0
2026,1488-PBLJN,0,0
2027,0308-GIQJT,0,0
2028,3778-FOAQW,0,0
2029,4452-ROHMO,0,0
2030,6481-OGDOO,1,0
2031,3090-LETTY,0,0
2032,5349-AZPEW,0,0
2033,3753-TSEMP,1,0
2034,8305-VHZBZ,1,0
2035,9720-JJJOR,0,0
2036,8100-HZZLJ,0,0
2037,8775-ERLNB,0,1
2038,8309-IEYJD,0,1
2039,9172-JITSM,1,1
2040,6298-QDFNH,1,1
2041,7398-HPYZQ,0,0
2042,3546-GHEAE,0,0
2043,7361-YPXFS,0,0
2044,6557-BZXLQ,0,0
2045,2550-QHZGP,0,0
2046,7519-JTWQH,0,0
2047,2538-OIMXF,0,0
2048,8543-MSDMF,0,1
2049,9961-JBNMK,1,0
2050,1170-SASML,0,0
2051,4872-JCVCA,0,0
2052,5346-BZCHP,0,0
2053,2038-LLMLM,0,0
2054,6173-ITPWD,1,0
2055,9734-UYXQI,1,1
2056,1216-BGTSP,0,0
2057,4138-NAXED,0,0
2058,2189-UXTKY,1,0
2059,0744-BIKKF,0,0
2060,7483-IQWIB,0,0
2061,5248-KWLAR,0,0
2062,4958-GZWIY,1,0
2063,7996-MHXLW,0,0
