,customer_id,churn,Forest_churn
1,0002-ORFBO,0,0
2,0003-MKNFE,0,0
3,0004-TLHLJ,1,1
4,0011-IGKFF,1,1
5,0013-EXCHZ,1,0
6,0013-MHZWF,0,0
7,0013-SMEOE,0,0
8,0014-BMAQU,0,0
9,0015-UOCOJ,0,0
10,0016-QLJIS,0,0
11,0017-DINOC,0,0
12,0017-IUDMW,0,0
13,0018-NYROU,0,1
14,0019-EFAEP,0,0
15,0019-GFNTW,0,0
16,0020-INWCK,0,0
17,0020-JDNXP,0,0
18,0021-IKXGC,0,1
19,0022-TCJCI,1,0
20,0023-HGHWL,1,1
21,0023-UYUPN,0,0
22,0023-XUOPT,1,1
23,0027-KWYKW,0,1
24,0030-FNXPP,0,0
25,0031-PVLZI,1,0
26,0032-PGELS,1,0
27,0036-IHMOT,0,0
28,0040-HALCW,0,0
29,0042-JVWOJ,0,0
30,0042-RLHYP,0,0
31,0048-LUMLS,0,0
32,0048-PIHNL,0,0
33,0052-DCKON,0,0
34,0052-YNYOT,0,0
35,0056-EPFBG,0,0
36,0057-QBUQH,0,0
37,0058-EVZWM,0,0
38,0060-FUALY,0,0
39,0064-SUDOG,0,0
40,0064-YIJGF,0,0
41,0067-DKWBL,1,0
42,0068-FIGTF,0,0
43,0071-NDAFP,0,0
44,0074-HDKDG,0,0
45,0076-LVEPS,0,0
46,0078-XZMHT,0,0
47,0080-EMYVY,0,0
48,0080-OROZO,0,0
49,0082-LDZUE,0,0
50,0082-OQIQY,0,0
51,0083-PIVIK,0,0
52,0089-IIQKO,0,0
53,0093-EXYQL,0,1
54,0093-XWZFY,1,0
55,0094-OIFMO,1,1
56,0096-BXERS,0,0
57,0096-FCPUF,0,0
58,0098-BOWSO,0,0
59,0100-DUVFC,0,0
60,0103-CSITQ,0,0
61,0104-PPXDV,0,0
62,0106-GHRQR,0,0
63,0106-UGRDO,0,0
64,0107-WESLM,1,0
65,0107-YHINA,1,1
66,0111-KLBQG,0,0
67,0112-QAWRZ,0,1
68,0112-QWPNC,1,0
69,0114-IGABW,0,0
70,0114-PEGZZ,0,0
71,0114-RSRRW,0,0
72,0115-TFERT,1,0
73,0117-LFRMW,1,0
74,0118-JPNOY,0,0
75,0121-SNYRK,0,0
76,0122-OAHPZ,1,1
77,0123-CRBRT,0,0
78,0125-LZQXK,1,0
79,0128-MKWSG,0,0
80,0129-KPTWJ,0,1
81,0129-QMPDR,0,0
82,0130-SXOUN,0,0
83,0133-BMFZO,1,0
84,0134-XWXCE,0,0
85,0135-NMXAP,1,1
86,0136-IFMYD,0,0
87,0137-OCGAB,1,1
88,0137-UDEUO,1,0
89,0139-IVFJG,0,0
90,0141-YEAYS,0,1
91,0142-GVYSN,0,0
92,0147-ESWWR,0,1
93,0148-DCDOS,1,1
94,0151-ONTOV,1,1
95,0156-FVPTA,1,0
96,0164-APGRB,0,0
97,0164-XAIRP,0,0
98,0168-XZKBB,0,1
99,0174-QRVVY,0,0
100,0177-PXBAT,0,0
101,0178-CIIKR,0,0
102,0178-SZBHO,0,0
103,0181-RITDD,0,0
104,0186-CAERR,0,0
105,0187-QSXOE,0,1
106,0187-WZNAB,0,0
107,0188-GWFLE,0,0
108,0191-EQUUH,0,0
109,0191-ZHSKZ,0,0
110,0193-ESZXP,1,0
111,0195-IESCP,1,1
112,0196-JTUQI,0,1
113,0196-VULGZ,1,1
114,0197-PNKNK,0,0
115,0201-MIBOL,0,0
116,0201-OAMXR,1,0
117,0203-HHYIJ,1,0
118,0206-OYVOC,0,0
119,0206-TBWLC,0,0
120,0207-MDKNV,1,0
121,0208-BPQEJ,0,0
122,0212-ISBBF,0,0
123,0214-JHPFW,0,0
124,0215-BQKGS,0,0
125,0218-QNVAS,0,0
126,0219-QAERP,0,0
127,0219-YTZUE,1,1
128,0220-EBGCE,1,1
129,0221-NAUXK,0,0
130,0221-WMXNQ,0,0
131,0222-CNVPT,0,0
132,0224-HJAPT,1,1
133,0224-NIJLP,0,0
134,0224-RLWWD,0,1
135,0225-ZORZP,0,1
136,0228-MAUWC,0,0
137,0229-LFJAF,0,0
138,0230-UBYPQ,0,0
139,0230-WEQUW,0,0
140,0231-LXVAP,1,1
141,0233-FTHAV,0,0
142,0234-TEVTT,0,0
143,0235-KGSLC,1,1
144,0236-HFWSV,1,1
145,0237-YFUTL,0,0
146,0238-WHBIQ,0,0
147,0239-OXEXL,0,0
148,0244-LGNFY,0,0
149,0247-SLUJI,0,0
150,0248-IPDFW,0,1
151,0248-PGHBZ,0,0
152,0253-ZTEOB,0,0
153,0254-FNMCI,0,0
154,0254-KCJGT,0,0
155,0254-WWRKD,0,0
156,0256-LTHVJ,1,1
157,0257-KXZGU,0,0
158,0257-ZESQC,1,0
159,0258-NOKBL,0,1
160,0259-GBZSH,1,1
161,0260-ZDLGK,1,0
162,0263-FJTQO,0,0
163,0264-CNITK,0,0
164,0265-EDXBD,1,1
165,0265-PSUAE,0,0
166,0266-CLZKZ,0,0
167,0266-GMEAO,0,0
168,0268-QKIWO,1,0
169,0269-XFESX,0,0
170,0270-THENM,0,0
171,0274-JKUJR,0,0
172,0277-BKSQP,0,0
173,0277-ORXQS,0,0
174,0278-YXOOG,1,0
175,0280-XJGEX,1,0
176,0281-CNTZX,0,0
177,0282-NVSJS,0,0
178,0285-INHLN,0,0
179,0289-IVARM,0,0
180,0292-WEGCH,0,0
181,0295-PPHDO,1,1
182,0295-QVKPB,0,0
183,0297-RBCSG,0,0
184,0298-XACET,0,0
185,0301-FIDRB,0,0
186,0301-KOBTQ,0,0
187,0302-JOIVN,1,1
188,0303-UNCIP,0,0
189,0303-WMMRN,0,0
190,0305-SQECB,0,0
191,0306-JAELE,1,1
192,0307-BCOPK,0,0
193,0308-GIQJT,0,0
194,0308-IVGOK,0,0
195,0310-MVLET,1,0
196,0310-SUCIN,0,0
197,0310-VQXAM,0,0
198,0311-QYWSS,0,0
199,0311-UNPFF,1,1
200,0314-TKOSI,0,0
201,0315-LVCRK,0,1
202,0318-QUUOB,1,1
203,0318-ZOPWS,0,0
204,0319-QZTCO,0,0
205,0320-DWVTU,0,0
206,0320-JDNQG,1,0
207,0322-CHQRU,1,0
208,0322-YINQP,1,0
209,0323-XWWTN,0,0
210,0324-BRPCJ,1,1
211,0325-XBFAC,1,1
212,0326-VDYXE,0,0
213,0327-WFZSY,0,0
214,0328-GRPMV,1,1
215,0329-GTIAJ,1,1
216,0330-BGYZE,0,0
217,0330-IVZHA,1,1
218,0334-GDDSO,1,1
219,0334-ZFJSR,0,0
220,0336-KXKFK,0,0
221,0336-PIKEI,0,0
222,0337-CNPZE,1,1
223,0343-QLUZP,0,0
224,0345-HKJVM,1,1
225,0345-XMMUG,0,0
226,0347-UBKUZ,0,0
227,0348-SDKOL,1,0
228,0354-VXMJC,0,0
229,0354-WYROK,1,0
230,0356-ERHVT,0,0
231,0356-OBMAC,0,0
232,0357-NVCRI,0,0
233,0361-HJRDX,0,0
234,0362-RAOQO,0,0
235,0362-ZBZWJ,1,1
236,0363-QJVFX,1,0
237,0363-SVHYR,0,0
238,0365-BZUWY,0,1
239,0365-GXEZS,0,0
240,0365-TRTPY,0,0
241,0366-NQSHS,0,0
242,0369-ZGOVK,0,0
243,0373-AIVNJ,0,0
244,0374-AACSZ,0,0
245,0374-FIUCA,0,0
246,0374-IOEGQ,0,0
247,0375-HVGXO,1,1
248,0376-OIWME,0,0
249,0376-YMCJC,1,0
250,0377-JBKKT,0,0
251,0378-CJKPV,0,0
252,0378-NHQXU,1,0
253,0378-TOVMS,1,1
254,0378-XSZPU,1,0
255,0379-DJQHR,0,0
256,0380-NEAVX,0,0
257,0380-ZCSBI,0,0
258,0383-CLDDA,0,0
259,0384-LPITE,0,0
260,0384-RVBPI,0,0
261,0386-CWRGM,0,0
262,0388-EOPEX,1,1
263,0390-DCFDQ,1,1
264,0392-BZIUW,0,0
265,0394-YONDK,0,0
266,0396-HUJBP,0,0
267,0396-UKGAI,0,0
268,0396-YCHWO,0,1
269,0397-GZBBC,1,0
270,0397-ZXWQF,0,0
271,0401-WDBXM,0,0
272,0402-CQAJN,1,0
273,0402-OAMEN,0,0
274,0404-AHASP,0,0
275,0404-SWRVG,1,1
276,0406-BPDVR,1,0
277,0407-BDJKB,1,0
278,0409-WTMPL,0,0
279,0410-IPFTY,0,0
280,0411-EZJZE,0,1
281,0412-UCCNP,0,0
282,0415-MOSGF,1,0
283,0419-YAAPX,0,0
284,0420-BWTPW,1,0
285,0420-HLGXF,0,1
286,0420-TXVSG,0,0
287,0422-OHQHQ,0,0
288,0422-UXFAP,0,0
289,0423-UDIJQ,0,0
290,0426-TIRNE,1,0
291,0428-AXXLJ,0,0
292,0428-IKYCP,0,0
293,0430-IHCDJ,0,0
294,0431-APWVY,1,0
295,0432-CAJZV,0,1
296,0434-CSFON,0,1
297,0436-TWFFZ,0,0
298,0439-IFYUN,0,1
299,0440-EKDCF,0,0
300,0440-MOGPM,0,0
301,0440-QEXBZ,0,0
302,0440-UEDAI,0,0
303,0442-TDYUO,0,0
304,0442-ZXKVS,0,0
305,0447-BEMNG,1,0
306,0447-RXSGD,0,1
307,0454-OKRCT,0,0
308,0455-ENTCR,0,0
309,0455-XFASS,0,1
310,0458-HEUZG,0,0
311,0459-SPZHJ,0,0
312,0461-CVKMU,1,0
313,0463-TXOAK,0,0
314,0463-WZZKO,0,0
315,0463-ZSDNT,0,0
316,0464-WJTKO,0,0
317,0468-YRPXN,0,0
318,0471-ARVMX,0,0
319,0471-LVHGK,1,0
320,0475-RIJEP,1,0
321,0479-HMSWA,0,0
322,0480-BIXDE,0,1
323,0480-KYJVA,0,0
324,0481-SUMCB,0,0
325,0484-FFVBJ,0,0
326,0484-JPBRU,0,0
327,0485-ZBSLN,0,0
328,0486-HECZI,1,0
329,0486-LGCCH,0,0
330,0487-CRLZF,0,0
331,0487-RPVUM,0,0
332,0487-VVUVK,0,0
333,0488-GSLFR,1,1
334,0489-WMEMG,0,0
335,0491-KAPQG,0,1
336,0495-RVCBF,1,1
337,0495-ZBNGW,1,1
338,0496-AHOOK,0,0
339,0504-HHAPI,1,0
340,0505-SPOOW,0,0
341,0506-LVNGN,1,0
342,0506-YLVKJ,0,0
343,0508-OOLTO,0,1
344,0508-SQWPL,0,0
345,0511-JTEOY,1,1
346,0512-FLFDW,0,0
347,0513-RBGPE,0,0
348,0515-YPMCW,1,1
349,0516-OOHAR,0,0
350,0516-QREYC,0,0
351,0516-UXRMT,0,0
352,0516-VRYBW,1,0
353,0516-WJVXC,1,0
354,0519-DRGTI,0,0
355,0519-XUZJU,1,1
356,0520-FDVVT,1,0
357,0523-VNGTF,0,0
358,0524-IAVZO,1,1
359,0526-SXDJP,0,0
360,0529-ONKER,1,0
361,0530-IJVDB,0,0
362,0531-XBKMM,0,0
363,0531-ZZJWQ,0,1
364,0533-BNWKF,1,0
365,0533-UCAAU,0,0
366,0536-ACXIP,0,0
367,0536-BGFMZ,0,0
368,0536-ESJEP,0,0
369,0537-QYZZN,0,0
370,0541-FITGH,0,0
371,0547-HURJB,0,0
372,0549-CYCQN,0,0
373,0550-DCXLH,0,0
374,0556-FJEGU,0,0
375,0557-ASKVU,0,0
376,0559-CKHUS,0,0
377,0562-FGDCR,0,0
378,0562-HKHML,0,0
379,0562-KBDVM,0,0
380,0564-JJHGS,1,1
381,0564-MUUQK,0,0
382,0565-IYCGT,1,0
383,0565-JUPYD,0,0
384,0567-GGCAC,0,0
385,0567-XRHCU,0,0
386,0568-ONFPC,1,0
387,0570-BFQHT,0,0
388,0572-ZJKLT,0,0
389,0575-CUQOV,0,0
390,0576-WNXXC,1,1
391,0577-WHMEV,0,0
392,0578-SKVMF,1,0
393,0580-PIQHM,0,0
394,0581-BXBUB,0,0
395,0581-MDMPW,0,0
396,0582-AVCLN,0,0
397,0584-BJQGZ,0,0
398,0585-EGDDA,0,0
399,0587-DMGBH,1,0
400,0594-UFTUL,0,0
401,0595-ITUDF,0,0
402,0596-BQCEQ,1,1
403,0599-XNYDO,0,0
404,0601-WZHJF,1,0
405,0602-DDUML,0,0
406,0603-OLQDC,0,0
407,0603-TPMIB,0,0
408,0604-THJFP,0,0
409,0607-DAAHE,1,0
410,0607-MVMGC,0,0
411,0608-JDVEC,0,0
412,0611-DFXKO,1,1
413,0612-RTZZA,1,1
414,0613-WUXUM,0,0
415,0616-ATFGB,1,1
416,0617-AQNWT,1,0
417,0617-FHSGK,1,0
418,0618-XWMSS,1,0
419,0619-OLYUR,0,0
420,0620-DLSLK,0,0
421,0620-XEFWH,0,0
422,0621-CXBKL,0,0
423,0621-HJWXJ,0,0
424,0621-JFHOL,0,0
425,0621-TSSMU,0,0
426,0621-TWIEM,1,0
427,0623-EJQEG,0,0
428,0623-GDISB,0,0
429,0623-IIHUG,1,0
430,0625-AFOHS,0,0
431,0626-QXNGV,0,0
432,0628-CNQRM,1,0
433,0634-SZPQA,1,0
434,0635-WKOLD,0,0
435,0637-KVDLV,1,1
436,0637-UBJRP,1,0
437,0637-YLETY,1,0
438,0639-TSIQW,1,0
439,0640-YJTPY,0,0
440,0641-EVBOJ,0,0
441,0643-OKLRP,1,0
442,0644-OQMDK,0,1
443,0650-BWOZN,0,1
444,0654-HMSHN,1,1
445,0654-PQKDW,0,0
446,0655-RBDUG,1,1
447,0655-YDGFJ,0,0
448,0657-DOGUM,0,0
449,0661-KBKPA,0,0
450,0661-KQHNK,0,0
451,0661-WCQNQ,0,0
452,0661-XEYAN,1,0
453,0665-XHDJU,0,0
454,0666-UXTJO,0,0
455,0667-NSRGI,0,0
456,0668-OGMHD,0,0
457,0670-ANMUU,0,0
458,0670-KDOMA,0,0
459,0673-IGUQO,0,0
460,0674-DGMAQ,0,1
461,0674-EYYZV,0,1
462,0674-GCDXG,0,0
463,0675-NCDYU,0,0
464,0678-RLHVP,0,0
465,0679-IDSTG,1,1
466,0679-TDGAK,0,0
467,0680-DFNNY,1,1
468,0682-USIXD,0,0
469,0684-AOSIH,1,1
470,0685-MLYYM,1,1
471,0687-ZVTHB,1,0
472,0689-DSXGL,0,0
473,0689-NKYLF,1,1
474,0690-SRQID,0,0
475,0691-IFBQW,1,0
476,0691-JVSYA,1,0
477,0691-NIKRI,0,0
478,0696-UKTOX,0,0
479,0697-ZMSWS,1,1
480,0699-NDKJM,0,0
481,0701-RFGFI,0,0
482,0701-TJSEF,0,0
483,0702-PGIBZ,1,1
484,0704-VCUMB,0,0
485,0707-HOVVN,0,0
486,0708-LGSMF,0,0
487,0708-SJDIS,0,0
488,0709-TVGUR,1,1
489,0716-BQNDX,0,0
490,0719-SYFRB,1,0
491,0722-SVSFK,0,1
492,0722-TROQR,1,1
493,0723-DRCLG,1,1
494,0723-FDLAY,0,0
495,0723-VSOBE,0,0
496,0725-CXOTM,0,0
497,0727-BMPLR,1,0
498,0727-BNRLG,0,0
499,0727-IWKVK,1,1
500,0730-BGQGF,0,0
501,0730-KOAVE,0,0
502,0731-EBJQB,0,0
503,0732-OCQOC,0,0
504,0733-VUNUW,1,0
505,0734-OXWBT,0,0
506,0739-UUAJR,0,0
507,0742-LAFQK,0,0
508,0742-MOABM,1,0
509,0742-NXBGR,1,1
510,0743-HNPFG,0,0
511,0743-HRVFF,0,0
512,0744-BIKKF,0,0
513,0744-GKNGE,0,0
514,0746-JTRFU,1,1
515,0748-RDGGM,1,0
516,0749-IRGQE,0,0
517,0750-EBAIU,0,0
518,0750-EKNGL,0,0
519,0754-EEBDC,0,0
520,0754-UKWQP,1,1
521,0756-MPZRL,0,0
522,0757-WCUUZ,0,0
523,0761-AETCS,1,0
524,0769-MURVM,0,0
525,0771-CHWSK,0,0
526,0771-WLCLA,0,0
527,0772-GYEQQ,1,0
528,0774-IFUVM,0,0
529,0774-RMNUW,0,0
530,0778-NELLA,1,0
531,0780-XNZFN,0,0
532,0781-LKXBR,1,1
533,0784-GTUUK,0,0
534,0784-ZQJZX,0,0
535,0786-IVLAW,0,0
536,0786-VSSUD,1,0
537,0787-LHDYT,0,0
538,0788-DXBFY,0,0
539,0793-TWELN,0,1
540,0794-YVSGE,0,0
541,0795-GMVQO,0,0
542,0795-LAFGP,0,0
543,0795-XCCTE,0,0
544,0799-DDIHE,0,0
545,0804-XBFBV,0,0
546,0804-YGEQV,0,0
547,0807-ZABDG,1,0
548,0810-BDHAW,0,0
549,0810-DHDBD,0,0
550,0811-GSDTP,0,0
551,0812-WUPTB,1,1
552,0813-TAXXS,0,0
553,0815-MFZGM,0,0
554,0816-TSPHQ,0,0
555,0817-HSUSE,0,0
556,0818-OCPZO,1,1
557,0820-FNRNX,0,0
558,0822-GAVAP,1,1
559,0822-QGCXA,0,0
560,0823-HSCDJ,1,0
561,0824-VWDPO,0,0
562,0825-CPPQH,0,0
563,0827-ITJPH,0,0
564,0829-DDVLK,0,0
565,0829-XXPLX,0,0
566,0831-JNISG,0,0
567,0835-DUUIQ,0,0
568,0835-JKADZ,0,0
569,0836-SEYLU,1,0
570,0839-JTCUD,0,0
571,0839-QNXME,0,0
572,0840-DCNZE,0,0
573,0840-DFEZH,0,1
574,0841-NULXI,1,1
575,0842-IWYCP,0,0
576,0843-WTBXE,1,0
577,0847-HGRML,0,0
578,0848-SOMKO,0,0
579,0848-ZGQIJ,0,0
580,0851-DFJKB,0,0
581,0853-NWIFK,0,0
582,0853-TWRVK,0,0
583,0854-UYHZD,0,0
584,0856-NAOES,0,0
585,0859-YGKFW,0,0
586,0862-PRCBS,0,0
587,0864-FVJNJ,0,0
588,0866-QLSIR,1,0
589,0867-LDTTC,0,0
590,0867-MKZVY,1,0
591,0868-VJRDR,0,0
592,0869-PAPRP,0,0
593,0870-VEMYL,1,0
594,0871-OPBXW,0,0
595,0871-URUWO,1,1
596,0872-CASZJ,0,0
597,0872-JCPIB,0,0
598,0872-NXJYS,1,1
599,0875-CABNR,1,0
600,0876-WDUUZ,1,0
601,0877-SDMBN,1,0
602,0880-FVFWF,0,0
603,0880-TKATG,1,1
604,0883-EIBTI,1,0
605,0885-HMGPY,0,0
606,0886-QGENL,1,0
607,0887-HJGAR,1,0
608,0887-WBJVH,0,0
609,0895-DQHEW,1,1
610,0895-LMRSF,0,0
611,0895-LNKRC,0,0
612,0895-UADGO,0,0
613,0897-FEGMU,1,1
614,0898-XCGTF,0,0
615,0899-LIIBW,0,0
616,0899-WZRSD,0,0
617,0902-RFHOF,0,0
618,0902-XKXPN,0,0
619,0906-QVPMS,0,0
620,0907-HQNTS,0,0
621,0909-SDHNU,0,0
622,0909-SELIE,0,0
623,0913-XWSCN,0,0
624,0916-KNFAJ,0,0
625,0916-QOFDP,0,1
626,0917-EZOLA,1,0
627,0921-OHLVP,0,0
628,0923-PNFUB,1,1
629,0924-BJCRC,0,0
630,0925-VYDLG,1,1
631,0927-CNGRH,0,0
632,0927-LCSMG,1,0
633,0928-JMXNP,0,1
634,0928-XUTSN,0,1
635,0929-HYQEW,0,0
636,0929-PECLO,0,0
637,0930-EHUZA,0,0
638,0931-MHTEM,0,0
639,0932-YIXYU,0,0
640,0936-NQLJU,0,0
641,0939-EREMR,0,0
642,0939-YAPAF,1,1
643,0940-OUQEC,1,1
644,0942-KOWSM,0,0
645,0943-ZQPXH,0,0
646,0945-TSONX,0,0
647,0946-CLJTI,1,1
648,0946-FKYTX,0,0
649,0947-IDHRQ,1,1
650,0947-MUGVO,1,1
651,0952-KMEEH,1,0
652,0953-LGOVU,0,0
653,0956-ACVZC,0,0
654,0956-SYCWG,0,0
655,0958-YHXGP,0,1
656,0959-WHOKV,0,0
657,0960-HUWBM,0,0
658,0961-ZWLVI,0,0
659,0962-CQPWQ,0,0
660,0963-ZBDRN,1,0
661,0967-BMLBD,0,0
662,0968-GSIKN,1,1
663,0969-RGKCU,0,0
664,0970-ETWGE,1,1
665,0970-QXPXW,0,0
666,0971-QIFJK,0,0
667,0973-KYVNF,0,0
668,0975-UYDTX,0,0
669,0975-VOOVL,0,0
670,0979-MOZQI,0,0
671,0979-PHULV,1,0
672,0980-FEXWF,0,0
673,0980-PVMRC,0,0
674,0983-TATYJ,0,0
675,0988-AADSA,0,0
676,0988-JRWWP,0,1
677,0991-BRRFB,1,0
678,0993-OSGPT,0,0
679,0997-YTLNY,0,0
680,0999-QXNSA,0,0
681,1000-AJSLD,1,0
682,1004-NOZNR,0,0
683,1009-IRMNA,1,0
684,1010-DIAUQ,1,1
685,1013-QCWAM,0,1
686,1015-JPFYW,0,0
687,1015-OWJKI,0,0
688,1016-DJTSV,0,1
689,1017-FBQMM,0,0
690,1020-JPQOW,0,0
691,1022-RKXDR,0,0
692,1023-BQXZE,0,0
693,1024-GUALD,1,1
694,1024-KPRBB,0,0
695,1024-VRZHF,1,1
696,1025-FALIX,0,0
697,1027-LKKQQ,0,0
698,1028-FFNJK,0,1
699,1029-QFBEN,1,0
700,1031-IIDEO,1,1
701,1032-MAELW,0,0
702,1035-IPQPU,0,1
703,1036-GUDCL,0,0
704,1038-RQOST,0,0
705,1038-ZAGBI,1,0
706,1041-RXHRA,1,0
707,1042-HFUCW,0,0
708,1043-UXOVO,0,0
709,1043-YCUTE,1,0
710,1045-LTCYT,0,0
711,1047-NNCBF,0,0
712,1047-RNXZV,0,0
713,1049-FYSYG,0,0
714,1051-EQPZR,0,0
715,1051-GEJLJ,0,0
716,1052-QJIBV,0,0
717,1053-MXTTK,0,0
718,1057-FOGLZ,0,0
719,1060-ENTOF,0,0
720,1061-PNTHC,0,0
721,1062-LHZOD,1,1
722,1063-DHQJF,0,0
723,1064-FBXNK,0,0
724,1066-JKSGK,1,0
725,1069-QJOEE,0,0
726,1069-XAIEM,1,1
727,1073-XXCZD,0,0
728,1074-AMIOH,0,0
729,1074-WVEVG,0,0
730,1075-BGWOH,1,1
731,1077-HUUJM,0,1
732,1078-TDCRN,0,1
733,1080-BWSYE,0,0
734,1084-MNSMJ,0,0
735,1084-UQCHV,1,1
736,1085-LDWAM,0,0
737,1086-LXKFY,1,1
738,1087-GRUYI,0,0
739,1087-UDSIH,1,0
740,1088-AUUZZ,0,0
741,1088-CNNKB,0,0
742,1089-HDMKP,0,0
743,1089-XZWHH,0,0
744,1090-ESELR,0,0
745,1090-PYKCI,0,0
746,1091-SOZGA,0,0
747,1092-GANHU,1,1
748,1092-WPIVQ,0,0
749,1093-YSWCA,0,0
750,1094-BKOSX,0,0
751,1095-JUDTC,1,0
752,1095-WGNGG,0,0
753,1096-ADRUX,0,0
754,1097-FSPVW,0,0
755,1098-KFQEC,0,0
756,1098-TDVUQ,0,0
757,1099-BTKWT,0,0
758,1099-GODLO,0,0
759,1100-DDVRV,0,0
760,1101-SSWAG,0,0
761,1104-FEJAM,0,0
762,1104-TNLZA,0,0
763,1106-HRLKZ,0,0
764,1110-KYLGQ,0,0
765,1112-CUNAO,1,1
766,1113-IUJYX,1,0
767,1114-CENIM,1,0
768,1116-DXXDF,0,0
769,1116-FRYVH,0,0
770,1120-BMWUB,1,0
771,1121-QSIVB,0,0
772,1122-JWTJW,1,1
773,1122-YJBCS,0,0
774,1125-SNVCK,0,0
775,1131-ALZWV,0,0
776,1131-QQZEB,0,0
777,1131-SUEKT,0,0
778,1133-KXCGE,0,0
779,1134-YWTYF,0,0
780,1135-HIORI,0,0
781,1135-LMECX,0,0
782,1136-XGEQU,0,0
783,1137-DGOWI,0,0
784,1139-WUOAH,0,0
785,1140-UKVZG,0,0
786,1142-IHLOO,0,0
787,1142-WACZW,1,0
788,1143-NMNQJ,1,1
789,1150-FTQGN,0,0
790,1150-WFARN,1,0
791,1153-GNOLC,0,0
792,1154-HYWWO,0,0
793,1156-ZFYDO,0,0
794,1157-BQCUW,1,1
795,1159-WFSGR,0,0
796,1162-ECVII,0,0
797,1163-ONYEY,0,0
798,1163-VIPRI,0,0
799,1166-PQLGG,0,0
800,1167-OYZJF,0,0
801,1169-SAOCL,0,0
802,1169-WCVAK,0,0
803,1170-SASML,0,0
804,1171-TYKUR,0,0
805,1172-VIYBP,0,0
806,1173-NOEYG,0,0
807,1173-XZPYF,0,1
808,1174-FGIFN,0,0
809,1177-XZBJL,0,0
810,1178-PZGAB,0,0
811,1179-INLAT,0,0
812,1183-CANVH,0,0
813,1184-PJVDB,1,1
814,1187-WILMM,0,0
815,1193-RTSLK,1,0
816,1194-BHJYC,0,0
817,1194-HVAIF,0,0
818,1194-SPVSP,0,0
819,1195-OIYEJ,1,1
820,1196-AMORA,1,1
821,1197-BVMVG,0,1
822,1200-TUZHR,0,1
823,1202-KKGFU,0,0
824,1205-WNWPJ,1,0
825,1206-EHBDD,0,0
826,1207-BLKSA,0,0
827,1208-DNHLN,1,0
828,1208-NBVFH,0,0
829,1209-VFFOC,0,0
830,1212-GLHMD,0,0
831,1213-NGCUN,1,0
832,1215-EXRMO,0,0
833,1215-FIGMP,0,0
834,1215-VFYVK,0,0
835,1216-BGTSP,0,0
836,1216-JWVUX,0,1
837,1217-VASWC,0,0
838,1218-VKFPE,1,0
839,1219-NNDDO,0,1
840,1221-GHZEP,0,0
841,1222-KJNZD,0,0
842,1222-LRYKO,0,0
843,1223-UNPKS,0,0
844,1226-IENZN,0,1
845,1226-JZNKR,0,0
846,1226-UDFZR,1,0
847,1227-UDMZR,0,0
848,1228-FZFRV,1,0
849,1228-ZLNBX,0,0
850,1229-RCALF,0,0
851,1230-QAJDW,0,0
852,1231-YNDEK,0,0
853,1236-WFCDV,1,0
854,1237-WIYYZ,0,0
855,1240-HCBOH,0,0
856,1240-KNSEZ,1,0
857,1241-EZFMJ,0,0
858,1241-FPMOF,0,0
859,1245-HARPS,0,0
860,1247-QBVSH,0,0
861,1248-DYXUB,0,0
862,1251-KRREG,1,0
863,1251-STYSZ,0,1
864,1254-IZEYF,1,1
865,1257-SXUXQ,0,0
866,1258-YMZNM,0,0
867,1260-TTRXI,1,1
868,1261-FWTTE,0,0
869,1262-OPMFY,1,1
870,1264-BYWMS,1,1
871,1264-FUHCX,0,0
872,1265-BCFEO,0,0
873,1265-HVPZB,0,0
874,1265-XTECC,1,0
875,1265-ZFOSD,0,0
876,1266-NZYUI,0,0
877,1268-ASBGA,1,1
878,1269-FOYWN,0,0
879,1270-XKUCC,0,0
880,1271-SJBGZ,1,0
881,1271-UODNO,0,0
882,1272-ILHFG,0,0
883,1273-MTETI,1,1
884,1282-IHQAC,0,0
885,1285-OKIPP,1,1
886,1291-CUOCY,0,0
887,1293-BSEUN,0,0
888,1293-HHSHJ,0,0
889,1297-VQDRP,0,0
890,1298-PHBTI,0,0
891,1299-AURJA,0,0
892,1301-LOPVR,0,0
893,1302-TPUBN,0,0
894,1302-UHBDD,0,1
895,1303-SRDOK,0,0
896,1304-BCCFO,0,0
897,1304-NECVQ,1,1
898,1304-SEGFY,0,0
899,1306-RPWXZ,0,0
900,1307-ATKGB,0,1
901,1307-TVUFB,0,1
902,1309-BXVOQ,1,0
903,1309-XGFSN,0,0
904,1310-QRITU,0,0
905,1319-YLZJG,0,0
906,1320-GVNHT,0,0
907,1320-HTRDR,1,1
908,1320-REHCS,0,1
909,1322-AGOQM,1,0
910,1323-OOEPC,1,0
911,1324-NLTJE,1,0
912,1325-USMEC,0,0
913,1328-EUZHC,0,0
914,1329-VHWNP,0,0
915,1333-PBMXB,0,0
916,1334-FJSVR,1,1
917,1334-PDUKM,0,0
918,1335-HQMKX,0,0
919,1335-MXCSE,0,0
920,1335-NTIUC,0,0
921,1336-EZFZY,0,0
922,1337-BOZWO,0,0
923,1338-CECEE,0,0
924,1342-JPNKI,1,1
925,1343-EHPYB,1,1
926,1345-GKDZZ,0,0
927,1345-ZUKID,0,0
928,1346-PJWTK,0,0
929,1346-UFHAX,0,0
930,1347-KTTTA,0,0
931,1349-WXNGG,1,0
932,1352-HNSAW,0,0
933,1352-VHKAJ,0,0
934,1353-GHZOS,0,0
935,1353-LJWEM,0,0
936,1354-YZFNB,0,0
937,1355-KUSBG,0,0
938,1356-MKYSK,0,0
939,1357-BIJKI,0,0
940,1357-MVDOZ,0,0
941,1360-JYXKQ,0,0
942,1360-RCYRT,0,0
943,1360-XFJMR,0,0
944,1363-TXLSL,1,1
945,1370-GGAWX,0,0
946,1371-DWPAZ,0,0
947,1371-OJCEK,0,0
948,1371-WEPDS,0,0
949,1373-ORVIZ,1,0
950,1374-DMZUI,1,1
951,1376-HHBDV,0,0
952,1379-FRVEB,0,1
953,1383-EZRWL,1,0
954,1384-RCUXW,0,0
955,1385-TQOZW,0,0
956,1386-ZIKUV,0,0
957,1389-CXMLU,1,1
958,1389-WNUIB,0,0
959,1391-UBDAR,0,1
960,1393-IMKZG,0,1
961,1394-SUIUH,0,0
962,1395-OFUWC,0,0
963,1395-WSWXR,0,0
964,1396-QWFBJ,1,0
965,1397-XKKWR,0,0
966,1399-OUPJN,0,0
967,1399-UBQIU,0,0
968,1400-MMYXY,1,1
969,1400-WIVLL,0,0
970,1401-FTHFQ,0,0
971,1402-PTHGN,0,0
972,1403-GYAFU,0,0
973,1403-LKLIK,0,0
974,1406-PUQVY,0,0
975,1407-DIGZV,0,0
976,1409-PHXTF,0,0
977,1410-RSCMR,0,0
978,1414-YADCW,0,0
979,1415-YFWLT,1,1
980,1421-HCERK,0,0
981,1422-DGUBX,0,0
982,1423-BMPBQ,0,0
983,1427-VERSM,0,0
984,1428-GTBJJ,1,1
985,1428-IEDPR,0,0
986,1429-UYJSV,0,0
987,1430-SFQSA,0,0
988,1431-AIDJQ,0,0
989,1431-CYWMH,0,0
990,1432-FPAXX,1,0
991,1436-ZMJAN,0,0
992,1439-LCGVL,0,0
993,1442-BQPVU,0,0
994,1442-OKRJE,0,0
995,1444-VVSGW,1,0
996,1447-GIQMR,1,1
997,1447-PJGGA,1,0
998,1448-CYWKC,0,0
999,1448-PWKYE,1,1
1000,1449-XQEMT,1,0
1001,1450-GALXR,1,1
1002,1450-SKCVI,1,0
1003,1452-KIOVK,0,0
1004,1452-UZOSF,0,0
1005,1452-VOQCH,0,1
1006,1452-XRSJV,0,0
1007,1453-RZFON,0,0
1008,1455-ESIQH,1,1
1009,1455-HFBXA,0,0
1010,1455-UGQVH,1,1
1011,1456-TWCGB,0,0
1012,1459-QNFQT,0,0
1013,1460-UZPRJ,0,0
1014,1465-LNTLJ,0,0
1015,1465-VINDH,1,1
1016,1465-WCZVT,0,0
1017,1468-DEFNC,0,0
1018,1469-LBJQJ,0,1
1019,1470-PSXNM,0,0
1020,1471-GIQKQ,0,0
1021,1472-TNCWL,0,0
1022,1474-JUWSM,0,0
1023,1475-VWVDO,0,1
1024,1478-VPOAD,0,1
1025,1480-BKXGA,0,0
1026,1480-IVEVR,0,0
1027,1481-ZUWZA,1,0
1028,1482-OXZSY,0,0
1029,1485-YDHMM,0,0
1030,1488-PBLJN,0,0
1031,1488-SYSFC,0,0
1032,1492-KGETH,0,0
1033,1492-QGCLU,0,0
1034,1493-AMTIE,1,0
1035,1494-EJZDW,0,0
1036,1496-GGSUK,1,0
1037,1498-DQNRX,0,0
1038,1498-NHTLT,0,0
1039,1501-SGHBW,1,0
1040,1502-XFCVR,1,0
1041,1506-YJTYT,0,0
1042,1508-DFXCU,0,1
1043,1513-XNPPH,1,0
1044,1518-OMDIK,0,0
1045,1518-VOWAV,1,0
1046,1522-VVDMG,1,0
1047,1525-LNLOJ,0,0
1048,1527-SXDPN,1,0
1049,1530-ZTDOZ,0,0
1050,1534-OULXE,0,0
1051,1535-VTJOQ,0,0
1052,1536-HBSWP,0,0
1053,1536-YHDOE,0,0
1054,1539-LNKHM,0,0
1055,1541-ETJZO,1,0
1056,1543-LLLFT,0,0
1057,1544-JJMYL,0,0
1058,1545-ACTAS,0,0
1059,1545-JFUML,0,0
1060,1548-ARAGG,0,0
1061,1548-FEHVL,0,0
1062,1550-EENBN,0,0
1063,1550-LOAHA,1,0
1064,1552-AAGRX,0,0
1065,1552-CZCLL,0,0
1066,1552-TKMXS,0,0
1067,1555-DJEQW,1,0
1068,1555-HAPSU,0,0
1069,1557-EMYVT,0,0
1070,1559-DTODC,0,0
1071,1561-BWHIN,0,0
1072,1563-IWQEX,0,0
1073,1564-HJUVY,0,0
1074,1564-NTYXF,1,1
1075,1565-RHDJD,1,0
1076,1567-DSCIC,1,1
1077,1568-BEKZM,0,0
1078,1568-LJSZU,0,0
1079,1569-TTNYJ,1,1
1080,1571-SAVHK,1,0
1081,1573-LGXBA,0,0
1082,1574-DYCWE,0,0
1083,1575-KRZZE,0,0
1084,1576-PFZIW,0,0
1085,1577-HKTFG,1,0
1086,1579-KLYDT,1,1
1087,1580-BMCMR,0,1
1088,1582-RAFML,1,0
1089,1583-IHQZE,1,0
1090,1585-MQSSU,1,0
1091,1587-FKLZB,1,0
1092,1589-AGTLK,1,1
1093,1591-MQJTP,0,0
1094,1591-NFNLQ,1,0
1095,1591-XWLGB,0,0
1096,1596-BBVTG,1,0
1097,1596-OQSPS,0,0
1098,1597-FZREH,1,0
1099,1597-LHYNC,1,0
1100,1599-EAHXY,0,0
1101,1599-MMYRQ,0,0
1102,1600-DILPE,0,0
1103,1602-IJQQE,1,1
1104,1608-GMEWB,0,1
1105,1612-EOHDH,1,1
1106,1614-JBEBI,0,0
1107,1618-CFHME,1,1
1108,1619-YWUBB,0,0
1109,1621-YNCJH,0,0
1110,1622-HSHSF,0,0
1111,1623-NLDOT,1,0
1112,1624-NALOJ,1,1
1113,1624-WOIWJ,1,0
1114,1625-JAIIY,1,0
1115,1626-ERCMM,1,1
1116,1627-AFWVJ,0,0
1117,1628-BIZYP,0,1
1118,1629-DQQVB,0,0
1119,1635-FJFCC,0,0
1120,1635-HDGFT,0,0
1121,1635-NZATJ,0,0
1122,1636-NTNCO,0,0
1123,1640-PLFMP,0,1
1124,1641-BYBTK,0,0
1125,1641-RQDAY,0,1
1126,1642-HMARX,0,0
1127,1644-IRKSF,1,0
1128,1656-DRSMG,0,0
1129,1657-DYMBM,0,0
1130,1658-BYGOY,1,1
1131,1658-TJVOA,0,1
1132,1658-XUHBX,0,0
1133,1660-HSOOQ,1,0
1134,1661-CZBAU,0,0
1135,1663-MHLHE,0,0
1136,1666-JXLKU,0,1
1137,1666-JZPZT,0,0
1138,1670-SVOWZ,1,0
1139,1676-MQAOA,0,0
1140,1678-FYZOW,1,1
1141,1679-JRFBR,0,0
1142,1680-VDCWW,0,0
1143,1682-VCOIO,0,0
1144,1684-FLBGS,0,0
1145,1685-BQULA,0,0
1146,1685-VAYJF,0,0
1147,1686-STUHN,0,0
1148,1689-MRZQR,1,0
1149,1689-YQBYY,0,1
1150,1696-HXOWK,0,0
1151,1696-MZVAU,0,0
1152,1697-BCSHV,0,0
1153,1697-LYYYX,0,0
1154,1697-NVVGY,0,0
1155,1698-XFZCI,0,0
1156,1699-HPSBG,1,0
1157,1699-TLDLZ,0,0
1158,1699-UOTXU,0,0
1159,1702-CCFNJ,0,0
1160,1703-MGIAB,0,0
1161,1704-NRWYE,1,1
1162,1705-GUHPV,0,0
1163,1707-HABPF,0,0
1164,1708-PBBOA,0,0
1165,1709-EJDOX,0,0
1166,1710-RCXUS,0,0
1167,1716-LSAMB,0,0
1168,1722-LDZJS,0,0
1169,1723-HKXJQ,1,1
1170,1724-BQUHA,1,1
1171,1724-IQWNM,0,0
1172,1725-IQNIY,1,0
1173,1725-MIMXW,1,0
1174,1728-BQDMA,0,0
1175,1728-CXQBE,0,0
1176,1729-VLAZJ,0,0
1177,1730-VFMWO,0,0
1178,1730-ZMAME,0,1
1179,1731-TVIUK,1,1
1180,1732-FEKLD,0,0
1181,1732-VHUBQ,1,0
1182,1734-ZMNTZ,0,0
1183,1735-XMJVH,0,0
1184,1740-CSDJP,1,1
1185,1741-WTPON,0,0
1186,1744-JHKYS,0,0
1187,1746-TGTWV,0,1
1188,1750-CSKKM,1,0
1189,1751-NCDLI,0,1
1190,1752-OZXFY,0,0
1191,1754-GKYPY,0,1
1192,1755-FZQEC,0,0
1193,1755-RMCXH,0,0
1194,1757-TCATG,0,0
1195,1760-CAZHT,0,0
1196,1761-AEZZR,1,1
1197,1763-KUAAW,0,0
1198,1763-WQFUK,0,0
1199,1764-VUUMT,0,0
1200,1766-GKNMI,0,1
1201,1767-CJKBA,0,0
1202,1767-TGTKO,0,0
1203,1768-HNVGJ,0,0
1204,1768-ZAIFU,1,1
1205,1769-GRUIK,0,1
1206,1771-OADNZ,1,1
1207,1775-KWJKQ,0,0
1208,1776-SPBWV,0,0
1209,1777-JYQPJ,0,0
1210,1779-PWPMG,0,0
1211,1784-BXEFA,0,0
1212,1784-EZDKJ,0,0
1213,1785-BPHTP,0,0
1214,1790-NESIO,0,0
1215,1791-PQHBB,0,0
1216,1792-UXAFY,1,1
1217,1794-HBQTJ,1,0
1218,1794-SWWKL,0,0
1219,1796-JANOW,0,0
1220,1803-BGNBD,0,0
1221,1809-DMJHQ,1,0
1222,1810-BOHSY,0,0
1223,1810-MVMAI,0,0
1224,1813-JLKWR,0,0
1225,1813-JYWTO,0,0
1226,1814-DKOLC,0,0
1227,1814-WFGVS,0,0
1228,1816-FLZDK,0,0
1229,1818-ESQMW,0,0
1230,1820-DJFPH,0,0
1231,1820-TQVEV,1,1
1232,1821-BUCWY,0,0
1233,1830-GGFNM,0,0
1234,1830-IPXVJ,0,0
1235,1832-PEUTS,0,0
1236,1833-TCXKK,0,0
1237,1833-VGRUM,1,1
1238,1834-ABKHQ,0,0
1239,1834-WULEG,0,0
1240,1837-YQUCE,0,0
1241,1839-FBNFR,0,0
1242,1839-UMACK,0,0
1243,1840-BIUOG,0,0
1244,1841-YSJGV,0,0
1245,1842-EZJMK,1,0
1246,1843-TLSGD,0,0
1247,1845-CSBRZ,0,0
1248,1845-ZLLIG,0,0
1249,1846-XWOQN,1,1
1250,1848-LBZHY,0,0
1251,1849-RJYIG,0,0
1252,1850-AKQEP,0,0
1253,1852-QSWCD,0,0
1254,1852-XEMDW,0,0
1255,1853-ARAAQ,0,0
1256,1853-UDXBW,1,1
1257,1855-AGAWH,0,0
1258,1855-CFULU,0,0
1259,1862-QRWPE,0,0
1260,1862-SKORY,1,0
1261,1866-DIOQZ,0,0
1262,1866-NXPSP,0,0
1263,1866-OBPNR,0,0
1264,1866-RZZQS,1,1
1265,1866-ZSLJM,0,0
1266,1867-BDVFH,1,1
1267,1867-TJHTS,0,0
1268,1871-MOWRM,1,0
1269,1872-EBWSC,0,0
1270,1875-QIVME,1,1
1271,1877-HKBQX,0,0
1272,1891-FZYSA,1,0
1273,1891-QRQSA,0,0
1274,1891-UAWWU,1,0
1275,1894-IGFSG,1,1
1276,1895-QTKDO,0,0
1277,1897-OKVMW,0,0
1278,1897-RCFUM,0,0
1279,1898-JSNDC,0,0
1280,1899-VXWXM,1,0
1281,1902-XBTFB,1,1
1282,1904-WAJAA,0,0
1283,1905-OEILC,0,0
1284,1907-UBQFC,1,1
1285,1907-YLNYW,0,0
1286,1910-FMXJM,0,0
1287,1915-IOFGU,1,1
1288,1915-OAKWD,0,0
1289,1918-ZBFQJ,1,1
1290,1919-RTPQD,0,0
1291,1921-KYSAY,0,0
1292,1925-GMVBW,0,0
1293,1925-LFCZZ,0,0
1294,1925-TIBLE,1,1
1295,1926-QUZNN,0,0
1296,1927-QEWMY,0,0
1297,1928-BXYIV,0,0
1298,1929-ZCBHE,0,0
1299,1930-BZLHI,0,0
1300,1930-QPBVZ,0,0
1301,1930-WNXSB,0,0
1302,1932-UEDCX,0,1
1303,1934-MKPXS,0,0
1304,1934-SJVJK,1,0
1305,1935-IMVBB,0,0
1306,1936-CZAKF,0,0
1307,1936-UAFEH,0,0
1308,1937-OTUKY,0,0
1309,1941-HOSAM,0,1
1310,1942-OQFRW,0,1
1311,1945-XISKS,0,0
1312,1950-KSVVJ,0,0
1313,1951-IEYXM,0,0
1314,1952-DVVSW,0,0
1315,1955-IBMMB,0,0
1316,1956-YIFGE,0,0
1317,1958-RNRKS,0,0
1318,1960-UOTYM,0,0
1319,1960-UYCNN,0,1
1320,1963-SVUCV,1,1
1321,1963-VAUKV,1,0
1322,1964-SVLEA,0,0
1323,1965-AKTSX,1,1
1324,1965-DDBWU,1,0
1325,1970-KKFWL,0,0
1326,1971-DTCZB,0,0
1327,1972-XMUWV,0,0
1328,1976-AZZPJ,0,0
1329,1976-CFOCS,1,1
1330,1977-STDKI,1,1
1331,1980-KXVPM,1,1
1332,1981-INRFU,1,1
1333,1982-FEBTD,0,0
1334,1984-FCOWB,1,0
1335,1984-GPTEH,0,0
1336,1985-MBRYP,0,0
1337,1986-PHGZF,0,0
1338,1987-AUELQ,0,0
1339,1989-PRJHP,1,1
1340,1991-VOPLL,0,0
1341,1996-DBMUS,0,0
1342,1998-VHJHK,0,0
1343,2000-DHJUY,0,0
1344,2000-MPKCA,0,0
1345,2001-EWBQU,0,0
1346,2001-MCUUW,0,0
1347,2002-MZHWP,1,0
1348,2003-CKLOR,1,0
1349,2004-OCQXK,1,1
1350,2005-DWQZJ,0,0
1351,2007-QVGAW,0,0
1352,2011-TRQYE,1,0
1353,2012-NWRPA,1,1
1354,2013-SGDXK,1,1
1355,2014-MKGMH,0,0
1356,2017-CCBLH,0,0
1357,2018-PZKMU,0,0
1358,2018-QKYGT,0,1
1359,2019-HDCZY,0,0
1360,2023-VQFDL,0,0
1361,2024-BASKD,1,1
1362,2025-JKFWI,1,0
1363,2026-TGDHM,1,1
1364,2027-CWDNU,0,0
1365,2027-DNKIV,0,0
1366,2027-FECZV,1,1
1367,2027-OAQQC,1,0
1368,2027-WKXMW,0,0
1369,2030-BTZRO,0,0
1370,2034-CGRHZ,1,0
1371,2034-GDRCN,1,1
1372,2037-SGXHH,1,0
1373,2037-XJFUP,1,0
1374,2038-LLMLM,0,0
1375,2038-OEQZH,0,1
1376,2038-YSEZE,0,0
1377,2039-JONDJ,0,0
1378,2040-LDIWQ,0,0
1379,2040-OBMLJ,0,0
1380,2040-VZIKE,0,0
1381,2040-XBAVJ,0,0
1382,2041-JIJCI,0,0
1383,2043-WVTQJ,0,0
1384,2045-BMBTJ,0,0
1385,2049-BAFNW,0,0
1386,2050-ONYDQ,0,0
1387,2054-PJOCK,0,0
1388,2055-BFOCC,0,0
1389,2055-PDADH,1,1
1390,2055-SIFSS,0,0
1391,2056-EVGZL,0,0
1392,2057-BOYKM,0,0
1393,2057-ZBLPD,1,1
1394,2058-DCJBE,1,1
1395,2061-VVFST,0,0
1396,2065-MMKGR,0,0
1397,2067-QYTCF,0,0
1398,2068-WWXQZ,0,0
1399,2070-FNEXE,1,0
1400,2070-XYMFH,0,0
1401,2072-ZVJJX,0,0
1402,2073-QBVBI,0,0
1403,2074-GKOWZ,1,1
1404,2074-GUHPQ,0,0
1405,2075-PUEPR,0,0
1406,2075-RMJIK,0,0
1407,2077-DDHJK,0,0
1408,2077-MPJQO,0,1
1409,2079-FBMZK,1,1
1410,2080-CAZNM,0,1
1411,2080-GKCWQ,0,1
1412,2080-SRCDE,0,0
1413,2081-KJSQF,0,0
1414,2081-VEYEH,0,1
1415,2082-CEFLT,1,1
1416,2082-OJVTK,1,1
1417,2085-BOJKI,0,0
1418,2085-JVGAD,0,0
1419,2087-QAREY,0,0
1420,2088-IEBAU,0,0
1421,2091-GPPIQ,0,0
1422,2091-MJTFX,1,0
1423,2091-RFFBA,1,1
1424,2096-XOTMO,0,0
1425,2097-YVPKN,0,0
1426,2100-BDNSN,1,0
1427,2101-RANCD,0,0
1428,2103-ZRXFN,0,0
1429,2105-PHWON,0,0
1430,2107-FBPTK,0,1
1431,2108-GLPQB,0,0
1432,2108-XWMPY,1,0
1433,2108-YKQTY,1,0
1434,2111-DWYHN,0,0
1435,2114-MGINA,1,1
1436,2115-BFTIW,1,0
1437,2120-SMPEX,0,0
1438,2121-JAFOM,0,0
1439,2122-SZZZD,0,0
1440,2122-YWVYA,0,0
1441,2123-AGEEN,0,1
1442,2123-VSCOT,0,0
1443,2126-GSEGL,0,0
1444,2129-ALKBS,0,0
1445,2133-TSRRM,0,0
1446,2135-DQWAQ,0,1
1447,2135-RXIHG,1,1
1448,2137-DQMEV,0,0
1449,2138-VFAPZ,0,0
1450,2139-FQHLM,0,0
1451,2141-RRYGO,1,0
1452,2143-LJULT,0,0
1453,2144-BFDSO,0,0
1454,2144-ESWKO,0,0
1455,2146-EGVDT,0,0
1456,2150-OEGBV,0,0
1457,2150-UWTFY,1,0
1458,2150-WLKUW,0,0
1459,2153-MREFK,1,0
1460,2154-KVJFF,1,1
1461,2155-AMQRX,0,0
1462,2157-MXBJS,1,0
1463,2159-TURXX,0,0
1464,2160-GPFXD,0,0
1465,2162-FRZAA,0,0
1466,2164-SOQXL,0,0
1467,2165-VOEGB,1,0
1468,2167-FQSTQ,0,0
1469,2169-RRLFW,0,0
1470,2171-UDMFD,0,0
1471,2172-EJXVF,0,0
1472,2176-LVPNX,0,0
1473,2176-OSJUV,0,0
1474,2178-PMGCJ,0,0
1475,2180-DXNEG,1,1
1476,2181-TIDSV,0,0
1477,2181-UAESM,0,0
1478,2186-QZEYA,0,0
1479,2187-LZGPL,1,0
1480,2187-PKZAY,0,1
1481,2188-SXWVT,0,0
1482,2189-UXTKY,1,0
1483,2189-WWOEW,1,0
1484,2190-BCXEC,0,0
1485,2190-PHBHR,0,0
1486,2192-CKRLV,0,0
1487,2192-OZITF,0,0
1488,2193-SFWQW,0,0
1489,2194-IIQOF,0,0
1490,2195-VVRJF,0,0
1491,2195-ZRVAX,1,0
1492,2197-OMWGI,0,0
1493,2200-DSAAL,0,0
1494,2202-CUYXZ,1,1
1495,2202-OUTMO,0,0
1496,2203-GHNWN,0,0
1497,2205-LPVGL,0,0
1498,2205-YMZZJ,1,1
1499,2207-NHRJK,1,0
1500,2207-OBZNX,1,0
1501,2207-QPJED,0,0
1502,2207-RYYRL,0,0
1503,2208-MPXIO,0,0
1504,2208-NKVVH,0,0
1505,2208-NQBCT,0,0
1506,2208-UGTGR,0,0
1507,2209-XADXF,0,1
1508,2211-RMNHO,0,0
1509,2212-LYASK,0,0
1510,2215-ZAFGX,0,1
1511,2219-MVUSO,1,0
1512,2220-IAHLS,0,0
1513,2223-GDSHL,0,0
1514,2223-KAGMX,1,0
1515,2225-ZRGSG,1,0
1516,2226-ICFDO,0,0
1517,2227-JRSJX,0,0
1518,2228-BZDEE,0,0
1519,2229-DPMBI,0,0
1520,2229-VWQJH,0,0
1521,2230-XTUWL,0,0
1522,2232-DMLXU,1,0
1523,2233-FAGXV,0,0
1524,2233-TXSIU,0,0
1525,2234-EOFPT,0,0
1526,2234-XADUH,0,0
1527,2235-DWLJU,0,1
1528,2235-EZAIK,0,0
1529,2235-ZGKPT,1,0
1530,2236-HILPA,0,0
1531,2237-ZFSMY,1,0
1532,2239-CFOUJ,0,0
1533,2239-CGBUZ,0,0
1534,2239-JALAW,1,0
1535,2240-HSJQD,0,0
1536,2242-MFOTG,0,0
1537,2243-FNMMI,0,0
1538,2245-ADZFJ,0,0
1539,2249-YPRNG,1,0
1540,2250-IVBWA,0,0
1541,2251-PYLPB,0,0
1542,2252-ISRNH,0,0
1543,2252-JHJGE,0,0
1544,2252-NKNSI,0,0
1545,2253-KPMNB,0,0
1546,2254-DLXRI,0,1
1547,2256-YLYLP,0,0
1548,2257-BOVXD,0,0
1549,2259-OUUSZ,0,0
1550,2260-USTRB,1,1
1551,2262-SLNVK,0,1
1552,2263-SFSQZ,0,0
1553,2265-CYWIV,1,1
1554,2266-FUBDZ,0,0
1555,2266-SJNAT,0,0
1556,2267-FPIMA,0,0
1557,2267-WTPYD,0,0
1558,2270-CHBFN,0,0
1559,2272-JKMSI,0,0
1560,2272-QAGFO,1,1
1561,2272-UOINI,0,0
1562,2272-WUSPA,0,0
1563,2273-QCKXA,0,0
1564,2274-XUATA,0,0
1565,2275-RBYQS,0,1
1566,2276-YDAVZ,1,1
1567,2277-AXSDC,0,0
1568,2277-BKJKN,0,0
1569,2277-DJJDL,0,0
1570,2277-VWCNI,0,1
1571,2279-AXJJK,0,0
1572,2282-YGNOR,0,0
1573,2284-VFLKH,0,0
1574,2292-XQWSV,0,0
1575,2293-IJWPS,0,0
1576,2294-DMMUS,0,0
1577,2294-SALNE,0,0
1578,2296-DKZFP,0,0
1579,2300-RQGOI,0,0
1580,2302-ANTDP,1,0
1581,2302-OUZXB,0,0
1582,2303-PJYHN,0,0
1583,2305-MRGLV,0,0
1584,2307-FYNNL,0,0
1585,2308-STERM,0,0
1586,2309-OSFEU,1,0
1587,2311-QYMUQ,1,0
1588,2314-TNDJQ,0,0
1589,2316-ESMLS,0,0
1590,2320-JRSDE,1,0
1591,2320-SLKMB,0,0
1592,2320-TZRRH,0,0
1593,2320-YKQBO,0,0
1594,2321-OMBXY,1,0
1595,2322-VCZHZ,0,0
1596,2323-ARSVR,0,0
1597,2324-AALNO,0,0
1598,2324-EFHVG,0,0
1599,2325-NBPZG,0,1
1600,2325-WINES,0,0
1601,2325-ZUSFD,1,0
1602,2330-PQGDQ,0,0
1603,2332-EFBJY,1,0
1604,2332-TODQS,0,0
1605,2333-KWEWW,0,0
1606,2335-GSODA,0,0
1607,2338-BQEZT,0,0
1608,2342-CKIAO,0,0
1609,2344-JMOGN,1,0
1610,2346-CZYIL,0,0
1611,2346-DJQTB,0,0
1612,2346-LOCWC,0,0
1613,2347-WKKAE,0,0
1614,2348-KCJLT,0,0
1615,2351-BKRZW,0,0
1616,2351-RRBUE,0,0
1617,2357-COQEK,1,1
1618,2359-KLTEK,0,0
1619,2359-KMGLI,1,1
1620,2359-QWQUL,1,0
1621,2360-RDGRO,0,0
1622,2361-FJWNO,0,0
1623,2361-UPSND,0,0
1624,2362-IBOOY,1,1
1625,2363-BJLSL,0,0
1626,2364-UFROM,0,0
1627,2368-GAKKQ,0,0
1628,2369-FEVNO,0,0
1629,2369-UAPKZ,1,1
1630,2371-JQHZZ,0,1
1631,2371-JUNGC,0,0
1632,2371-KFUOG,0,0
1633,2372-HWUHI,1,0
1634,2373-NTKOD,0,0
1635,2378-HTWFW,0,0
1636,2378-VTKDH,0,1
1637,2378-YIZKA,0,0
1638,2379-ENZGV,1,1
1639,2379-GYFLQ,0,0
1640,2380-DAMQP,0,0
1641,2382-BCKQJ,1,0
1642,2384-OVPSA,0,0
1643,2386-LAHRK,1,0
1644,2386-OWURY,0,0
1645,2387-KDZQY,0,0
1646,2388-LAESQ,0,0
1647,2391-IPLOP,0,0
1648,2391-SOORI,1,0
1649,2393-DIVAI,0,0
1650,2397-BRLOM,1,0
1651,2398-YPMUR,1,1
1652,2400-FEQME,0,0
1653,2400-XIWIO,0,0
1654,2402-TAIRZ,0,0
1655,2403-BCASL,1,0
1656,2404-JIBFC,0,0
1657,2405-LBMUW,0,0
1658,2408-PSJVE,0,0
1659,2408-TZMJL,1,0
1660,2408-WITXK,1,1
1661,2410-CIYFZ,0,0
1662,2418-TPEUN,0,0
1663,2419-FSORS,0,0
1664,2424-WVHPL,0,1
1665,2428-HYUNX,0,0
1666,2428-ZMCTB,0,0
1667,2429-AYKKO,0,0
1668,2430-RRYUW,0,0
1669,2430-USGXP,1,1
1670,2432-TFSMK,0,0
1671,2433-KMEAS,1,0
1672,2434-EEVDB,0,0
1673,2436-QBZFP,0,0
1674,2439-LYPMQ,0,1
1675,2439-QKJUL,0,0
1676,2446-BEGGB,1,1
1677,2446-PLQVO,1,1
1678,2446-ZKVAF,0,0
1679,2450-ZKEED,0,0
1680,2451-YMUXS,0,0
1681,2452-KDRRH,0,0
1682,2452-MRMZF,0,0
1683,2452-SNHFZ,0,0
1684,2453-SAFNS,0,0
1685,2454-RPBRZ,1,1
1686,2455-USLMV,0,0
1687,2458-EOMRE,0,0
1688,2460-FPSYH,1,0
1689,2460-NGXBJ,0,1
1690,2462-XIIJB,1,1
1691,2465-BLLEU,0,0
1692,2466-FCCPT,0,0
1693,2466-NEJOJ,0,0
1694,2468-SJFLM,0,1
1695,2469-DTSGX,0,0
1696,2472-OVKUP,1,1
1697,2474-BRUCM,1,0
1698,2474-LCNUE,0,0
1699,2475-MROZF,0,0
1700,2476-YGEFM,0,1
1701,2478-EEWWM,0,0
1702,2479-BRAMR,1,0
1703,2480-EJWYP,0,0
1704,2480-JZOSN,0,0
1705,2480-SQIOB,0,0
1706,2481-SBOYW,0,0
1707,2482-CZGBB,1,1
1708,2483-XSSMZ,0,0
1709,2484-DGXPZ,1,0
1710,2485-ITVKB,1,1
1711,2486-WYVVE,0,0
1712,2495-INZWQ,1,1
1713,2495-KZNFB,0,0
1714,2495-TTHBQ,0,0
1715,2498-XLDZR,0,0
1716,2499-AJYUA,0,0
1717,2501-XWWTZ,0,1
1718,2504-DSHIH,0,1
1719,2506-CLAKW,1,0
1720,2506-TNFCO,1,1
1721,2507-QZPQS,0,0
1722,2509-TFPJU,0,0
1723,2511-ALLCS,0,0
1724,2511-MORQY,0,0
1725,2514-GINMM,1,1
1726,2516-VQRRV,1,1
1727,2516-XSJKX,0,0
1728,2519-ERQOJ,0,0
1729,2519-FAKOD,1,0
1730,2519-LBNQL,0,0
1731,2519-TWKFS,0,0
1732,2520-SGTTA,0,0
1733,2521-NPUZR,0,0
1734,2522-AHJXR,0,0
1735,2522-WLNSF,0,0
1736,2523-EWWZL,0,1
1737,2525-GVKQU,0,0
1738,2528-HFYZX,1,1
1739,2530-ENDWQ,1,0
1740,2530-FMFXO,0,0
1741,2533-QVMSK,1,0
1742,2533-TIBIX,0,0
1743,2535-PBCGC,0,0
1744,2538-OIMXF,0,0
1745,2541-YGPKE,0,0
1746,2542-HYGIQ,0,0
1747,2545-EBUPK,0,1
1748,2545-LXYVJ,0,0
1749,2546-KZAAT,0,0
1750,2550-AEVRU,0,0
1751,2550-QHZGP,0,0
1752,2558-BUOZZ,0,0
1753,2560-PPCHE,0,0
1754,2560-QTSBS,0,0
1755,2560-WBWXF,0,0
1756,2565-JSLRY,1,0
1757,2568-BRGYX,1,1
1758,2568-OIADY,1,1
1759,2569-WGERO,0,0
1760,2573-GYRUU,0,0
1761,2575-GFSOE,1,1
1762,2576-HXMPA,0,0
1763,2577-GVSIL,0,0
1764,2578-JQPHZ,0,0
1765,2580-ASVVY,0,0
1766,2580-ATZSQ,0,0
1767,2581-VKIRT,0,0
1768,2582-FFFZR,0,0
1769,2585-KTFRE,0,0
1770,2586-CWXVV,0,0
1771,2587-EKXTS,0,0
1772,2587-YNLES,0,0
1773,2589-AYCRP,0,0
1774,2592-HODOV,0,0
1775,2592-SEIFQ,1,1
1776,2592-YKDIF,0,0
1777,2595-KIWPV,0,0
1778,2599-CIPQE,0,0
1779,2599-CZABP,0,0
1780,2603-HVKCG,0,1
1781,2604-IJPDU,0,0
1782,2604-XVDAM,0,0
1783,2606-PKWJB,0,0
1784,2606-RMDHZ,1,0
1785,2607-DHDAK,0,0
1786,2607-FBDFF,0,0
1787,2608-BHKFN,1,0
1788,2609-IAICY,1,1
1789,2612-PHGOX,0,0
1790,2612-RANWT,1,1
1791,2612-RRIDN,1,1
1792,2615-YVMYX,0,0
1793,2616-FLVQC,0,0
1794,2616-UUTFK,0,0
1795,2619-WFQWU,1,1
1796,2621-UDNLU,0,0
1797,2623-DRYAM,0,0
1798,2625-TRCZQ,0,0
1799,2626-URJFX,1,1
1800,2626-VEEWG,0,0
1801,2632-IVXVF,0,0
1802,2632-TACXW,0,0
1803,2632-UCGVD,1,0
1804,2634-HCZGT,1,0
1805,2636-ALXXZ,1,1
1806,2636-OHFMN,1,1
1807,2636-SJDOU,0,0
1808,2637-FKFSY,0,0
1809,2639-UGMAZ,0,0
1810,2640-LYMOV,0,0
1811,2640-PMGFL,1,0
1812,2642-DTVCO,1,1
1813,2642-MAWLJ,0,0
1814,2645-QTLMB,1,1
1815,2649-HWLYB,0,0
1816,2650-GYRYL,0,0
1817,2651-ZCBXV,0,0
1818,2654-VBVPB,0,0
1819,2656-FMOKZ,1,1
1820,2656-TABEH,1,1
1821,2657-ALMWY,1,0
1822,2657-VPXTA,0,1
1823,2659-VXMWZ,1,0
1824,2660-EMUBI,1,1
1825,2661-GKBTK,0,0
1826,2662-NNTDK,0,0
1827,2664-XJZNO,0,0
1828,2665-NPTGL,0,1
1829,2667-WYLWJ,1,0
1830,2668-TZSPS,0,0
1831,2669-OIDSD,0,0
1832,2669-QVCRG,0,0
1833,2672-DZUOY,1,1
1834,2672-HUYVI,1,1
1835,2672-OJQZP,0,0
1836,2672-TGEFF,0,0
1837,2673-CXQEU,0,0
1838,2673-ZALNP,0,0
1839,2674-MIAHT,0,1
1840,2674-MLXMN,0,0
1841,2675-DHUTR,0,0
1842,2675-IJRGJ,0,0
1843,2675-OTVVJ,0,0
1844,2676-ISHSF,0,0
1845,2676-OXPPQ,0,0
1846,2676-SSLTO,0,0
1847,2680-XKKNJ,0,0
1848,2682-KEVRP,0,0
1849,2683-BPJSO,1,0
1850,2683-JXWQQ,0,0
1851,2684-EIWEO,1,0
1852,2685-SREOM,1,1
1853,2688-BHGOG,0,1
1854,2690-DVRVK,0,0
1855,2691-NZETQ,1,1
1856,2692-AQCPF,0,0
1857,2692-BUCFV,0,0
1858,2692-PFYTJ,0,0
1859,2694-CIUMO,0,0
1860,2696-ECXKC,0,0
1861,2696-NARTR,1,0
1862,2696-RZVZW,0,0
1863,2697-NQBPF,0,1
1864,2700-LUEVA,0,0
1865,2703-AMTUL,0,0
1866,2706-QZIHY,0,0
1867,2709-UQGNP,0,0
1868,2710-WYVXG,0,0
1869,2712-SYWAY,0,0
1870,2716-GFZOR,0,0
1871,2717-HVIZY,0,0
1872,2718-GAXQD,1,0
1873,2718-YSKCS,0,0
1874,2719-BDAQO,1,0
1875,2720-FVBQP,0,0
1876,2720-WGKHP,1,1
1877,2722-JMONI,1,0
1878,2722-VOJQL,1,0
1879,2724-FJDYW,0,0
1880,2725-IWWBA,0,0
1881,2725-KXXWT,1,1
1882,2725-TTRIQ,0,0
1883,2729-VNVAP,0,0
1884,2731-GJRDG,0,0
1885,2732-ISEZX,0,0
1886,2737-WFVYW,1,1
1887,2737-YNGYW,1,1
1888,2739-CACDQ,0,0
1889,2739-CCZMB,0,0
1890,2740-JFBOK,0,0
1891,2740-TVLFN,0,1
1892,2746-DIJLO,0,0
1893,2748-MYRVK,1,0
1894,2749-CTKAJ,0,0
1895,2750-BJLSB,0,0
1896,2753-JMMCV,0,0
1897,2754-SDJRD,0,0
1898,2754-VDLTR,1,1
1899,2754-XBHTB,1,0
1900,2758-RNWXS,0,0
1901,2761-OCIAX,1,1
1902,2761-XECQW,0,0
1903,2770-NSVDG,0,0
1904,2773-MADBQ,0,0
1905,2773-OVBPK,0,0
1906,2774-LVQUS,1,0
1907,2775-SEFEE,0,0
1908,2777-PHDEI,1,1
1909,2778-OCLGR,1,0
1910,2782-JEEBU,0,0
1911,2782-LFZVW,0,0
1912,2786-GCDPI,0,1
1913,2788-CJQAQ,0,0
1914,2789-CZANW,0,0
1915,2789-HQBOU,0,1
1916,2790-XUYMV,0,0
1917,2791-SFVEW,0,0
1918,2792-LSHWX,0,0
1919,2792-VPPET,0,0
1920,2794-XIMMO,1,0
1921,2796-NNUFI,0,0
1922,2796-UUZZO,0,0
1923,2798-NYLMZ,0,0
1924,2799-ARNLO,0,1
1925,2799-TSLAG,0,0
1926,2800-QQUSO,0,1
1927,2800-VEQXM,0,1
1928,2801-NISEI,0,0
1929,2804-ETQDK,0,0
1930,2805-AUFQN,0,0
1931,2805-EDJPQ,0,0
1932,2806-MLNTI,0,0
1933,2808-CHTDM,0,0
1934,2809-ILCYT,0,0
1935,2809-ZMYOQ,0,1
1936,2810-FTLEM,1,0
1937,2811-POVEX,0,0
1938,2812-ENYMO,0,0
1939,2812-REYAT,0,0
1940,2812-SFXMJ,0,0
1941,2815-CPTUL,1,1
1942,2817-LVCPP,0,0
1943,2817-NTQDO,1,0
1944,2819-GWENI,0,0
1945,2821-WARNZ,0,0
1946,2823-LKABH,0,0
1947,2824-DXNKN,0,0
1948,2824-MYYBN,0,1
1949,2826-DXLQO,0,0
1950,2826-UWHIS,0,0
1951,2828-SLQPF,0,0
1952,2829-HYVZP,0,0
1953,2830-LEWOA,0,0
1954,2831-EBWRN,0,1
1955,2832-KJCRD,0,0
1956,2832-SCUCO,0,0
1957,2833-SLKDQ,1,0
1958,2834-JKOOW,0,0
1959,2834-JRTUA,1,0
1960,2834-SPCJV,1,0
1961,2839-RFSQE,1,0
1962,2840-XANRC,1,1
1963,2842-BCQGE,0,0
1964,2842-JTCCU,1,0
1965,2843-CQMEG,0,0
1966,2845-AFFTX,1,1
1967,2845-HSJCY,1,1
1968,2845-KDHVX,0,0
1969,2848-YXSMW,0,0
1970,2851-MMUTZ,0,0
1971,2851-STERV,0,0
1972,2853-CWQFQ,0,0
1973,2856-HYAPG,1,1
1974,2856-NNASM,1,1
1975,2858-EIMXH,0,0
1976,2858-MOFSQ,1,0
1977,2860-RANUS,1,1
1978,2862-JVEOY,0,0
1979,2862-PFNIK,0,1
1980,2863-IMQDR,0,0
1981,2865-TCHJW,1,1
1982,2866-IKBTM,0,0
1983,2867-UIMSS,1,1
1984,2868-LLSKM,0,0
1985,2868-MZAGQ,1,1
1986,2868-SNELZ,1,1
1987,2869-ADAWR,1,0
1988,2873-ZLIWT,1,0
1989,2874-YXVVA,0,0
1990,2876-GZYZC,0,1
1991,2876-VBBBL,1,0
1992,2877-VDUER,0,0
1993,2878-DHMIN,0,0
1994,2878-RMWXY,0,0
1995,2880-FPNAE,0,1
1996,2882-DDZPG,0,0
1997,2882-WDTBA,0,0
1998,2883-ILGWO,0,0
1999,2884-GBPFB,1,1
2000,2885-HIJDH,0,0
2001,2886-KEFUM,1,0
2002,2887-JPYLU,0,0
2003,2888-ADFAO,0,0
2004,2889-FPWRM,1,0
2005,2890-WFBHU,0,0
2006,2892-GESUL,0,0
2007,2894-QOJRX,1,0
2008,2896-TBNBE,0,0
2009,2897-DOVND,0,1
2010,2898-LSJGD,1,0
2011,2898-MRKPI,0,0
2012,2900-PHPLN,0,0
2013,2903-YYTBW,0,1
2014,2904-GGUAZ,0,0
2015,2905-KFQUV,0,1
2016,2907-ILJBN,0,0
2017,2908-WGAXL,0,0
2018,2908-ZTPNF,0,0
2019,2911-IJORQ,0,0
2020,2911-UREFD,1,0
2021,2911-WDXMV,0,0
2022,2916-BQZLN,0,0
2023,2919-HBCJO,1,0
2024,2920-RNCEZ,0,1
2025,2921-XWDJH,0,0
2026,2923-ARZLG,0,0
2027,2924-KHUVI,0,0
2028,2925-MXLSX,0,0
2029,2925-VDZHY,0,0
2030,2926-JEJJC,0,0
2031,2927-CVULT,0,0
2032,2927-QRRQV,0,0
2033,2928-HLDBA,0,0
2034,2929-ERCFZ,1,1
2035,2929-QNSRW,1,0
2036,2930-UOTMB,1,0
2037,2931-FSOHN,0,0
2038,2931-SVLTV,0,0
2039,2931-VUVJN,0,0
2040,2931-XIQBR,0,0
2041,2933-FILNV,1,0
2042,2933-XEUJM,0,0
2043,2937-FTHUR,0,0
2044,2946-KIQSP,0,0
2045,2947-DOMLJ,1,0
2046,2951-QOQTK,1,0
2047,2952-QAYZF,1,1
2048,2954-PIBKO,0,0
2049,2955-BJZHG,1,0
2050,2955-PSXOE,1,0
2051,2956-GGUCQ,1,0
2052,2957-JIRMN,0,0
2053,2957-LOLHO,1,0
2054,2958-NHPPS,0,0
2055,2959-EEXWB,0,0
2056,2959-FENLU,0,0
2057,2959-MJHIC,1,1
2058,2960-NKRSO,0,0
2059,2961-VNFKL,0,0
2060,2962-XPMCQ,1,1
2061,2967-MXRAV,0,0
2062,2968-SSGAA,1,1
2063,2969-QWUBZ,0,0
